mol_id,mol_name,mol_url,target_name,target_id,drugbank_id
MOL001454,berberine,https://tcmsp-e.com/molecule.php?qn=1454,"Nitric oxide synthase, inducible",3,7
MOL001454,berberine,https://tcmsp-e.com/molecule.php?qn=1454,Prostaglandin G/H synthase 1,6,20
MOL001454,berberine,https://tcmsp-e.com/molecule.php?qn=1454,Potassium voltage-gated channel subfamily H member 2,37,101
MOL001454,berberine,https://tcmsp-e.com/molecule.php?qn=1454,Estrogen receptor,46,136
MOL001454,berberine,https://tcmsp-e.com/molecule.php?qn=1454,Androgen receptor,48,146
MOL001454,berberine,https://tcmsp-e.com/molecule.php?qn=1454,Sodium channel protein type 5 subunit alpha,70,220
MOL001454,berberine,https://tcmsp-e.com/molecule.php?qn=1454,Coagulation factor Xa,79,239
MOL001454,berberine,https://tcmsp-e.com/molecule.php?qn=1454,Prostaglandin G/H synthase 2,94,290
MOL001454,berberine,https://tcmsp-e.com/molecule.php?qn=1454,"Nitric-oxide synthase, endothelial",95,291
MOL001454,berberine,https://tcmsp-e.com/molecule.php?qn=1454,Retinoic acid receptor RXR-alpha,158,459
MOL001454,berberine,https://tcmsp-e.com/molecule.php?qn=1454,Beta-2 adrenergic receptor,261,766
MOL001454,berberine,https://tcmsp-e.com/molecule.php?qn=1454,Heat shock protein HSP 90,444,1939
MOL001454,berberine,https://tcmsp-e.com/molecule.php?qn=1454,mRNA of PKA Catalytic Subunit C-alpha,699,6263
MOL001454,berberine,https://tcmsp-e.com/molecule.php?qn=1454,Trypsin-1,2928,3176
MOL001454,berberine,https://tcmsp-e.com/molecule.php?qn=1454,Nuclear receptor coactivator 2,3276,6241
MOL001454,berberine,https://tcmsp-e.com/molecule.php?qn=1454,"cAMP and cAMP-inhibited cGMP 3',5'-cyclic phosphodiesterase 10A",3868,695
MOL001454,berberine,https://tcmsp-e.com/molecule.php?qn=1454,Calmodulin,3907,465
MOL001457,columbamine,https://tcmsp-e.com/molecule.php?qn=1457,"Nitric oxide synthase, inducible",3,7
MOL001457,columbamine,https://tcmsp-e.com/molecule.php?qn=1457,Prostaglandin G/H synthase 1,6,20
MOL001457,columbamine,https://tcmsp-e.com/molecule.php?qn=1457,Potassium voltage-gated channel subfamily H member 2,37,101
MOL001457,columbamine,https://tcmsp-e.com/molecule.php?qn=1457,Androgen receptor,48,146
MOL001457,columbamine,https://tcmsp-e.com/molecule.php?qn=1457,Sodium channel protein type 5 subunit alpha,70,220
MOL001457,columbamine,https://tcmsp-e.com/molecule.php?qn=1457,Coagulation factor Xa,79,239
MOL001457,columbamine,https://tcmsp-e.com/molecule.php?qn=1457,Prostaglandin G/H synthase 2,94,290
MOL001457,columbamine,https://tcmsp-e.com/molecule.php?qn=1457,"Nitric-oxide synthase, endothelial",95,291
MOL001457,columbamine,https://tcmsp-e.com/molecule.php?qn=1457,Coagulation factor VII,123,369
MOL001457,columbamine,https://tcmsp-e.com/molecule.php?qn=1457,Heat shock protein HSP 90,444,1939
MOL001457,columbamine,https://tcmsp-e.com/molecule.php?qn=1457,mRNA of PKA Catalytic Subunit C-alpha,699,6263
MOL001457,columbamine,https://tcmsp-e.com/molecule.php?qn=1457,Trypsin-1,2928,3176
MOL001457,columbamine,https://tcmsp-e.com/molecule.php?qn=1457,Nuclear receptor coactivator 2,3276,6241
MOL001457,columbamine,https://tcmsp-e.com/molecule.php?qn=1457,Nuclear receptor coactivator 1,3279,6228
MOL001457,columbamine,https://tcmsp-e.com/molecule.php?qn=1457,Calmodulin,3907,465
MOL001457,columbamine,https://tcmsp-e.com/molecule.php?qn=1457,Retinoic acid receptor RXR-alpha,158,459
MOL001457,columbamine,https://tcmsp-e.com/molecule.php?qn=1457,Beta-2 adrenergic receptor,261,766
MOL001457,columbamine,https://tcmsp-e.com/molecule.php?qn=1457,Beta-secretase,387,1406
MOL001457,columbamine,https://tcmsp-e.com/molecule.php?qn=1457,Pregnane X receptor,371,1284
MOL001457,columbamine,https://tcmsp-e.com/molecule.php?qn=1457,Calcium-activated potassium channel subunit alpha 1,3727,610
MOL001457,columbamine,https://tcmsp-e.com/molecule.php?qn=1457,"cAMP and cAMP-inhibited cGMP 3',5'-cyclic phosphodiesterase 10A",3868,695
MOL001867,Isovanillin,https://tcmsp-e.com/molecule.php?qn=1867,Prostaglandin G/H synthase 1,6,20
MOL001867,Isovanillin,https://tcmsp-e.com/molecule.php?qn=1867,Prostaglandin G/H synthase 2,94,290
MOL001867,Isovanillin,https://tcmsp-e.com/molecule.php?qn=1867,Amine oxidase [flavin-containing] B,565,3939
MOL001867,Isovanillin,https://tcmsp-e.com/molecule.php?qn=1867,Amine oxidase [flavin-containing] A,566,3941
MOL001867,Isovanillin,https://tcmsp-e.com/molecule.php?qn=1867,Lysozyme,1172,2300
MOL001867,Isovanillin,https://tcmsp-e.com/molecule.php?qn=1867,Chymotrypsinogen B,1696,6011
MOL002664,Fagarine,https://tcmsp-e.com/molecule.php?qn=2664,Heat shock protein HSP 90,444,1939
MOL002891,magnoflorine,https://tcmsp-e.com/molecule.php?qn=2891,Prostaglandin G/H synthase 1,6,20
MOL002891,magnoflorine,https://tcmsp-e.com/molecule.php?qn=2891,Potassium voltage-gated channel subfamily H member 2,37,101
MOL002891,magnoflorine,https://tcmsp-e.com/molecule.php?qn=2891,Muscarinic acetylcholine receptor M1,38,103
MOL002891,magnoflorine,https://tcmsp-e.com/molecule.php?qn=2891,Androgen receptor,48,146
MOL002891,magnoflorine,https://tcmsp-e.com/molecule.php?qn=2891,Sodium channel protein type 5 subunit alpha,70,220
MOL002891,magnoflorine,https://tcmsp-e.com/molecule.php?qn=2891,Prostaglandin G/H synthase 2,94,290
MOL002891,magnoflorine,https://tcmsp-e.com/molecule.php?qn=2891,Carbonic anhydrase II,117,357
MOL002891,magnoflorine,https://tcmsp-e.com/molecule.php?qn=2891,Retinoic acid receptor RXR-alpha,158,459
MOL002891,magnoflorine,https://tcmsp-e.com/molecule.php?qn=2891,Acetylcholinesterase,165,474
MOL002891,magnoflorine,https://tcmsp-e.com/molecule.php?qn=2891,Alpha-1B adrenergic receptor,216,632
MOL002891,magnoflorine,https://tcmsp-e.com/molecule.php?qn=2891,Beta-2 adrenergic receptor,261,766
MOL002891,magnoflorine,https://tcmsp-e.com/molecule.php?qn=2891,Alpha-1D adrenergic receptor,272,789
MOL002891,magnoflorine,https://tcmsp-e.com/molecule.php?qn=2891,DNA topoisomerase II,287,817
MOL002891,magnoflorine,https://tcmsp-e.com/molecule.php?qn=2891,Pregnane X receptor,371,1284
MOL002891,magnoflorine,https://tcmsp-e.com/molecule.php?qn=2891,Trypsin-1,2928,3176
MOL002891,magnoflorine,https://tcmsp-e.com/molecule.php?qn=2891,Nuclear receptor coactivator 2,3276,6241
MOL002891,magnoflorine,https://tcmsp-e.com/molecule.php?qn=2891,Nuclear receptor coactivator 1,3279,6228
MOL002891,magnoflorine,https://tcmsp-e.com/molecule.php?qn=2891,Calmodulin,3907,465
MOL002891,magnoflorine,https://tcmsp-e.com/molecule.php?qn=2891,Muscarinic acetylcholine receptor M3,16,51
MOL002891,magnoflorine,https://tcmsp-e.com/molecule.php?qn=2891,"Nitric-oxide synthase, endothelial",95,291
MOL002891,magnoflorine,https://tcmsp-e.com/molecule.php?qn=2891,Heat shock protein HSP 90,444,1939
MOL002891,magnoflorine,https://tcmsp-e.com/molecule.php?qn=2891,Calcium-activated potassium channel subunit alpha 1,3727,610
MOL002891,magnoflorine,https://tcmsp-e.com/molecule.php?qn=2891,Delta-type opioid receptor,163,467
MOL002891,magnoflorine,https://tcmsp-e.com/molecule.php?qn=2891,Mu-type opioid receptor,299,847
MOL002894,berberrubine,https://tcmsp-e.com/molecule.php?qn=2894,"Nitric oxide synthase, inducible",3,7
MOL002894,berberrubine,https://tcmsp-e.com/molecule.php?qn=2894,Prostaglandin G/H synthase 1,6,20
MOL002894,berberrubine,https://tcmsp-e.com/molecule.php?qn=2894,Potassium voltage-gated channel subfamily H member 2,37,101
MOL002894,berberrubine,https://tcmsp-e.com/molecule.php?qn=2894,Estrogen receptor,46,136
MOL002894,berberrubine,https://tcmsp-e.com/molecule.php?qn=2894,Androgen receptor,48,146
MOL002894,berberrubine,https://tcmsp-e.com/molecule.php?qn=2894,Sodium channel protein type 5 subunit alpha,70,220
MOL002894,berberrubine,https://tcmsp-e.com/molecule.php?qn=2894,Prostaglandin G/H synthase 2,94,290
MOL002894,berberrubine,https://tcmsp-e.com/molecule.php?qn=2894,"Nitric-oxide synthase, endothelial",95,291
MOL002894,berberrubine,https://tcmsp-e.com/molecule.php?qn=2894,Retinoic acid receptor RXR-alpha,158,459
MOL002894,berberrubine,https://tcmsp-e.com/molecule.php?qn=2894,mRNA of PKA Catalytic Subunit C-alpha,699,6263
MOL002894,berberrubine,https://tcmsp-e.com/molecule.php?qn=2894,Trypsin-1,2928,3176
MOL002894,berberrubine,https://tcmsp-e.com/molecule.php?qn=2894,Nuclear receptor coactivator 2,3276,6241
MOL002894,berberrubine,https://tcmsp-e.com/molecule.php?qn=2894,Calmodulin,3907,465
MOL002896,Corydaldine,https://tcmsp-e.com/molecule.php?qn=2896,Prostaglandin G/H synthase 1,6,20
MOL002896,Corydaldine,https://tcmsp-e.com/molecule.php?qn=2896,Muscarinic acetylcholine receptor M3,16,51
MOL002896,Corydaldine,https://tcmsp-e.com/molecule.php?qn=2896,Muscarinic acetylcholine receptor M1,38,103
MOL002896,Corydaldine,https://tcmsp-e.com/molecule.php?qn=2896,Beta-1 adrenergic receptor,63,193
MOL002896,Corydaldine,https://tcmsp-e.com/molecule.php?qn=2896,Sodium channel protein type 5 subunit alpha,70,220
MOL002896,Corydaldine,https://tcmsp-e.com/molecule.php?qn=2896,Prostaglandin G/H synthase 2,94,290
MOL002896,Corydaldine,https://tcmsp-e.com/molecule.php?qn=2896,Alpha-2A adrenergic receptor,105,318
MOL002896,Corydaldine,https://tcmsp-e.com/molecule.php?qn=2896,"CGMP-inhibited 3',5'-cyclic phosphodiesterase A",172,485
MOL002896,Corydaldine,https://tcmsp-e.com/molecule.php?qn=2896,Sodium-dependent noradrenaline transporter,186,540
MOL002896,Corydaldine,https://tcmsp-e.com/molecule.php?qn=2896,Alpha-1A adrenergic receptor,191,556
MOL002896,Corydaldine,https://tcmsp-e.com/molecule.php?qn=2896,Alpha-1B adrenergic receptor,216,632
MOL002896,Corydaldine,https://tcmsp-e.com/molecule.php?qn=2896,Sodium-dependent dopamine transporter,239,713
MOL002896,Corydaldine,https://tcmsp-e.com/molecule.php?qn=2896,Beta-2 adrenergic receptor,261,766
MOL002896,Corydaldine,https://tcmsp-e.com/molecule.php?qn=2896,Sodium-dependent serotonin transporter,290,824
MOL002896,Corydaldine,https://tcmsp-e.com/molecule.php?qn=2896,Gamma-aminobutyric acid receptor subunit alpha-1,309,872
MOL002896,Corydaldine,https://tcmsp-e.com/molecule.php?qn=2896,Leukotriene A-4 hydrolase,521,3060
MOL002896,Corydaldine,https://tcmsp-e.com/molecule.php?qn=2896,Amine oxidase [flavin-containing] B,565,3939
MOL002896,Corydaldine,https://tcmsp-e.com/molecule.php?qn=2896,mRNA of PKA Catalytic Subunit C-alpha,699,6263
MOL002896,Corydaldine,https://tcmsp-e.com/molecule.php?qn=2896,cAMP-dependent protein kinase inhibitor alpha,3586,6264
MOL002897,epiberberine,https://tcmsp-e.com/molecule.php?qn=2897,"Nitric oxide synthase, inducible",3,7
MOL002897,epiberberine,https://tcmsp-e.com/molecule.php?qn=2897,Potassium voltage-gated channel subfamily H member 2,37,101
MOL002897,epiberberine,https://tcmsp-e.com/molecule.php?qn=2897,Estrogen receptor,46,136
MOL002897,epiberberine,https://tcmsp-e.com/molecule.php?qn=2897,Androgen receptor,48,146
MOL002897,epiberberine,https://tcmsp-e.com/molecule.php?qn=2897,Prostaglandin G/H synthase 2,94,290
MOL002897,epiberberine,https://tcmsp-e.com/molecule.php?qn=2897,"Nitric-oxide synthase, endothelial",95,291
MOL002897,epiberberine,https://tcmsp-e.com/molecule.php?qn=2897,Retinoic acid receptor RXR-alpha,158,459
MOL002897,epiberberine,https://tcmsp-e.com/molecule.php?qn=2897,mRNA of PKA Catalytic Subunit C-alpha,699,6263
MOL002897,epiberberine,https://tcmsp-e.com/molecule.php?qn=2897,Trypsin-1,2928,3176
MOL002897,epiberberine,https://tcmsp-e.com/molecule.php?qn=2897,Nuclear receptor coactivator 2,3276,6241
MOL002897,epiberberine,https://tcmsp-e.com/molecule.php?qn=2897,"cAMP and cAMP-inhibited cGMP 3',5'-cyclic phosphodiesterase 10A",3868,695
MOL002898,groenlandicine,https://tcmsp-e.com/molecule.php?qn=2898,"Nitric oxide synthase, inducible",3,7
MOL002898,groenlandicine,https://tcmsp-e.com/molecule.php?qn=2898,Prostaglandin G/H synthase 1,6,20
MOL002898,groenlandicine,https://tcmsp-e.com/molecule.php?qn=2898,Estrogen receptor,46,136
MOL002898,groenlandicine,https://tcmsp-e.com/molecule.php?qn=2898,Androgen receptor,48,146
MOL002898,groenlandicine,https://tcmsp-e.com/molecule.php?qn=2898,Prostaglandin G/H synthase 2,94,290
MOL002898,groenlandicine,https://tcmsp-e.com/molecule.php?qn=2898,"Nitric-oxide synthase, endothelial",95,291
MOL002898,groenlandicine,https://tcmsp-e.com/molecule.php?qn=2898,Retinoic acid receptor RXR-alpha,158,459
MOL002898,groenlandicine,https://tcmsp-e.com/molecule.php?qn=2898,mRNA of PKA Catalytic Subunit C-alpha,699,6263
MOL002898,groenlandicine,https://tcmsp-e.com/molecule.php?qn=2898,Trypsin-1,2928,3176
MOL002898,groenlandicine,https://tcmsp-e.com/molecule.php?qn=2898,Nuclear receptor coactivator 2,3276,6241
MOL002898,groenlandicine,https://tcmsp-e.com/molecule.php?qn=2898,Potassium voltage-gated channel subfamily H member 2,37,101
MOL002898,groenlandicine,https://tcmsp-e.com/molecule.php?qn=2898,Sodium channel protein type 5 subunit alpha,70,220
MOL002898,groenlandicine,https://tcmsp-e.com/molecule.php?qn=2898,Coagulation factor Xa,79,239
MOL002898,groenlandicine,https://tcmsp-e.com/molecule.php?qn=2898,Beta-2 adrenergic receptor,261,766
MOL002898,groenlandicine,https://tcmsp-e.com/molecule.php?qn=2898,Heat shock protein HSP 90,444,1939
MOL002898,groenlandicine,https://tcmsp-e.com/molecule.php?qn=2898,"Phosphatidylinositol-4,5-bisphosphate 3-kinase catalytic subunit, gamma isoform",491,2404
MOL002898,groenlandicine,https://tcmsp-e.com/molecule.php?qn=2898,Calcium-activated potassium channel subunit alpha 1,3727,610
MOL003959,limonin,https://tcmsp-e.com/molecule.php?qn=3959,Cytochrome P450 3A4,621,4512
MOL002900,Noroxyhydrastinine,https://tcmsp-e.com/molecule.php?qn=2900,Prostaglandin G/H synthase 1,6,20
MOL002900,Noroxyhydrastinine,https://tcmsp-e.com/molecule.php?qn=2900,Muscarinic acetylcholine receptor M1,38,103
MOL002900,Noroxyhydrastinine,https://tcmsp-e.com/molecule.php?qn=2900,Prostaglandin G/H synthase 2,94,290
MOL002900,Noroxyhydrastinine,https://tcmsp-e.com/molecule.php?qn=2900,Alpha-2A adrenergic receptor,105,318
MOL002900,Noroxyhydrastinine,https://tcmsp-e.com/molecule.php?qn=2900,"CGMP-inhibited 3',5'-cyclic phosphodiesterase A",172,485
MOL002900,Noroxyhydrastinine,https://tcmsp-e.com/molecule.php?qn=2900,Beta-2 adrenergic receptor,261,766
MOL002900,Noroxyhydrastinine,https://tcmsp-e.com/molecule.php?qn=2900,Amine oxidase [flavin-containing] B,565,3939
MOL002900,Noroxyhydrastinine,https://tcmsp-e.com/molecule.php?qn=2900,Queuine tRNA-ribosyltransferase,1825,2561
MOL002901,phellodendrine,https://tcmsp-e.com/molecule.php?qn=2901,Prostaglandin G/H synthase 1,6,20
MOL002901,phellodendrine,https://tcmsp-e.com/molecule.php?qn=2901,Muscarinic acetylcholine receptor M3,16,51
MOL002901,phellodendrine,https://tcmsp-e.com/molecule.php?qn=2901,Potassium voltage-gated channel subfamily H member 2,37,101
MOL002901,phellodendrine,https://tcmsp-e.com/molecule.php?qn=2901,Muscarinic acetylcholine receptor M1,38,103
MOL002901,phellodendrine,https://tcmsp-e.com/molecule.php?qn=2901,Sodium channel protein type 5 subunit alpha,70,220
MOL002901,phellodendrine,https://tcmsp-e.com/molecule.php?qn=2901,Muscarinic acetylcholine receptor M5,87,274
MOL002901,phellodendrine,https://tcmsp-e.com/molecule.php?qn=2901,Prostaglandin G/H synthase 2,94,290
MOL002901,phellodendrine,https://tcmsp-e.com/molecule.php?qn=2901,Carbonic anhydrase II,117,357
MOL002901,phellodendrine,https://tcmsp-e.com/molecule.php?qn=2901,Muscarinic acetylcholine receptor M4,154,450
MOL002901,phellodendrine,https://tcmsp-e.com/molecule.php?qn=2901,Alpha-1B adrenergic receptor,216,632
MOL002901,phellodendrine,https://tcmsp-e.com/molecule.php?qn=2901,Beta-2 adrenergic receptor,261,766
MOL002901,phellodendrine,https://tcmsp-e.com/molecule.php?qn=2901,Mu-type opioid receptor,299,847
MOL002901,phellodendrine,https://tcmsp-e.com/molecule.php?qn=2901,Heat shock protein HSP 90,444,1939
MOL002901,phellodendrine,https://tcmsp-e.com/molecule.php?qn=2901,Ig gamma-1 chain C region,1201,4785
MOL002901,phellodendrine,https://tcmsp-e.com/molecule.php?qn=2901,Nuclear receptor coactivator 2,3276,6241
MOL002901,phellodendrine,https://tcmsp-e.com/molecule.php?qn=2901,Nuclear receptor coactivator 1,3279,6228
MOL002901,phellodendrine,https://tcmsp-e.com/molecule.php?qn=2901,Calmodulin,3907,465
MOL002902,Ethyl caffeate,https://tcmsp-e.com/molecule.php?qn=2902,Prostaglandin G/H synthase 1,6,20
MOL002902,Ethyl caffeate,https://tcmsp-e.com/molecule.php?qn=2902,Prostaglandin G/H synthase 2,94,290
MOL002902,Ethyl caffeate,https://tcmsp-e.com/molecule.php?qn=2902,Beta-2 adrenergic receptor,261,766
MOL002902,Ethyl caffeate,https://tcmsp-e.com/molecule.php?qn=2902,Amine oxidase [flavin-containing] B,565,3939
MOL002903,(R)-Canadine,https://tcmsp-e.com/molecule.php?qn=2903,Prostaglandin G/H synthase 1,6,20
MOL002903,(R)-Canadine,https://tcmsp-e.com/molecule.php?qn=2903,Muscarinic acetylcholine receptor M3,16,51
MOL002903,(R)-Canadine,https://tcmsp-e.com/molecule.php?qn=2903,Potassium voltage-gated channel subfamily H member 2,37,101
MOL002903,(R)-Canadine,https://tcmsp-e.com/molecule.php?qn=2903,Muscarinic acetylcholine receptor M1,38,103
MOL002903,(R)-Canadine,https://tcmsp-e.com/molecule.php?qn=2903,Sodium channel protein type 5 subunit alpha,70,220
MOL002903,(R)-Canadine,https://tcmsp-e.com/molecule.php?qn=2903,Coagulation factor Xa,79,239
MOL002903,(R)-Canadine,https://tcmsp-e.com/molecule.php?qn=2903,Muscarinic acetylcholine receptor M5,87,274
MOL002903,(R)-Canadine,https://tcmsp-e.com/molecule.php?qn=2903,Prostaglandin G/H synthase 2,94,290
MOL002903,(R)-Canadine,https://tcmsp-e.com/molecule.php?qn=2903,5-hydroxytryptamine receptor 3A,113,341
MOL002903,(R)-Canadine,https://tcmsp-e.com/molecule.php?qn=2903,Alpha-2C adrenergic receptor,126,378
MOL002903,(R)-Canadine,https://tcmsp-e.com/molecule.php?qn=2903,Muscarinic acetylcholine receptor M4,154,450
MOL002903,(R)-Canadine,https://tcmsp-e.com/molecule.php?qn=2903,Delta-type opioid receptor,163,467
MOL002903,(R)-Canadine,https://tcmsp-e.com/molecule.php?qn=2903,5-hydroxytryptamine 2A receptor,175,502
MOL002903,(R)-Canadine,https://tcmsp-e.com/molecule.php?qn=2903,5-hydroxytryptamine 2C receptor,203,590
MOL002903,(R)-Canadine,https://tcmsp-e.com/molecule.php?qn=2903,Alpha-1B adrenergic receptor,216,632
MOL002903,(R)-Canadine,https://tcmsp-e.com/molecule.php?qn=2903,Sodium-dependent dopamine transporter,239,713
MOL002903,(R)-Canadine,https://tcmsp-e.com/molecule.php?qn=2903,Beta-2 adrenergic receptor,261,766
MOL002903,(R)-Canadine,https://tcmsp-e.com/molecule.php?qn=2903,Alpha-1D adrenergic receptor,272,789
MOL002903,(R)-Canadine,https://tcmsp-e.com/molecule.php?qn=2903,Sodium-dependent serotonin transporter,290,824
MOL002903,(R)-Canadine,https://tcmsp-e.com/molecule.php?qn=2903,Mu-type opioid receptor,299,847
MOL002903,(R)-Canadine,https://tcmsp-e.com/molecule.php?qn=2903,Heat shock protein HSP 90,444,1939
MOL002903,(R)-Canadine,https://tcmsp-e.com/molecule.php?qn=2903,mRNA of PKA Catalytic Subunit C-alpha,699,6263
MOL002903,(R)-Canadine,https://tcmsp-e.com/molecule.php?qn=2903,"cAMP and cAMP-inhibited cGMP 3',5'-cyclic phosphodiesterase 10A",3868,695
MOL002903,(R)-Canadine,https://tcmsp-e.com/molecule.php?qn=2903,Calmodulin,3907,465
MOL002903,(R)-Canadine,https://tcmsp-e.com/molecule.php?qn=2903,Dopamine D1 receptor,7,23
MOL002903,(R)-Canadine,https://tcmsp-e.com/molecule.php?qn=2903,D(1B) dopamine receptor,56,163
MOL002903,(R)-Canadine,https://tcmsp-e.com/molecule.php?qn=2903,Retinoic acid receptor RXR-alpha,158,459
MOL002903,(R)-Canadine,https://tcmsp-e.com/molecule.php?qn=2903,Sodium-dependent noradrenaline transporter,186,540
MOL002903,(R)-Canadine,https://tcmsp-e.com/molecule.php?qn=2903,Alpha-1A adrenergic receptor,191,556
MOL002903,(R)-Canadine,https://tcmsp-e.com/molecule.php?qn=2903,Muscarinic acetylcholine receptor M2,210,617
MOL002903,(R)-Canadine,https://tcmsp-e.com/molecule.php?qn=2903,Calcium-activated potassium channel subunit alpha 1,3727,610
MOL002904,Berlambine,https://tcmsp-e.com/molecule.php?qn=2904,"Nitric oxide synthase, inducible",3,7
MOL002904,Berlambine,https://tcmsp-e.com/molecule.php?qn=2904,Prostaglandin G/H synthase 1,6,20
MOL002904,Berlambine,https://tcmsp-e.com/molecule.php?qn=2904,Muscarinic acetylcholine receptor M3,16,51
MOL002904,Berlambine,https://tcmsp-e.com/molecule.php?qn=2904,Potassium voltage-gated channel subfamily H member 2,37,101
MOL002904,Berlambine,https://tcmsp-e.com/molecule.php?qn=2904,Androgen receptor,48,146
MOL002904,Berlambine,https://tcmsp-e.com/molecule.php?qn=2904,Sodium channel protein type 5 subunit alpha,70,220
MOL002904,Berlambine,https://tcmsp-e.com/molecule.php?qn=2904,Coagulation factor Xa,79,239
MOL002904,Berlambine,https://tcmsp-e.com/molecule.php?qn=2904,Prostaglandin G/H synthase 2,94,290
MOL002904,Berlambine,https://tcmsp-e.com/molecule.php?qn=2904,"Nitric-oxide synthase, endothelial",95,291
MOL002904,Berlambine,https://tcmsp-e.com/molecule.php?qn=2904,Coagulation factor VII,123,369
MOL002904,Berlambine,https://tcmsp-e.com/molecule.php?qn=2904,Retinoic acid receptor RXR-alpha,158,459
MOL002904,Berlambine,https://tcmsp-e.com/molecule.php?qn=2904,Alpha-1B adrenergic receptor,216,632
MOL002904,Berlambine,https://tcmsp-e.com/molecule.php?qn=2904,Beta-2 adrenergic receptor,261,766
MOL002904,Berlambine,https://tcmsp-e.com/molecule.php?qn=2904,Alpha-1D adrenergic receptor,272,789
MOL002904,Berlambine,https://tcmsp-e.com/molecule.php?qn=2904,Heat shock protein HSP 90,444,1939
MOL002904,Berlambine,https://tcmsp-e.com/molecule.php?qn=2904,mRNA of PKA Catalytic Subunit C-alpha,699,6263
MOL002904,Berlambine,https://tcmsp-e.com/molecule.php?qn=2904,Trypsin-1,2928,3176
MOL002904,Berlambine,https://tcmsp-e.com/molecule.php?qn=2904,Nuclear receptor coactivator 2,3276,6241
MOL002904,Berlambine,https://tcmsp-e.com/molecule.php?qn=2904,Calcium-activated potassium channel subunit alpha 1,3727,610
MOL002904,Berlambine,https://tcmsp-e.com/molecule.php?qn=2904,Calmodulin,3907,465
MOL002905,Zosimin,https://tcmsp-e.com/molecule.php?qn=2905,Prostaglandin G/H synthase 1,6,20
MOL002905,Zosimin,https://tcmsp-e.com/molecule.php?qn=2905,Muscarinic acetylcholine receptor M3,16,51
MOL002905,Zosimin,https://tcmsp-e.com/molecule.php?qn=2905,Thrombin,17,54
MOL002905,Zosimin,https://tcmsp-e.com/molecule.php?qn=2905,Muscarinic acetylcholine receptor M1,38,103
MOL002905,Zosimin,https://tcmsp-e.com/molecule.php?qn=2905,Sodium channel protein type 5 subunit alpha,70,220
MOL002905,Zosimin,https://tcmsp-e.com/molecule.php?qn=2905,Coagulation factor Xa,79,239
MOL002905,Zosimin,https://tcmsp-e.com/molecule.php?qn=2905,Prostaglandin G/H synthase 2,94,290
MOL002905,Zosimin,https://tcmsp-e.com/molecule.php?qn=2905,Acetylcholinesterase,165,474
MOL002905,Zosimin,https://tcmsp-e.com/molecule.php?qn=2905,Alpha-1B adrenergic receptor,216,632
MOL002905,Zosimin,https://tcmsp-e.com/molecule.php?qn=2905,"mRNA of Protein-tyrosine phosphatase, non-receptor type 1",229,687
MOL002905,Zosimin,https://tcmsp-e.com/molecule.php?qn=2905,Beta-2 adrenergic receptor,261,766
MOL002905,Zosimin,https://tcmsp-e.com/molecule.php?qn=2905,Dipeptidyl peptidase IV,332,952
MOL002905,Zosimin,https://tcmsp-e.com/molecule.php?qn=2905,Heat shock protein HSP 90,444,1939
MOL002905,Zosimin,https://tcmsp-e.com/molecule.php?qn=2905,Trypsin-1,2928,3176
MOL002905,Zosimin,https://tcmsp-e.com/molecule.php?qn=2905,Calmodulin,3907,465
MOL002905,Zosimin,https://tcmsp-e.com/molecule.php?qn=2905,Muscarinic acetylcholine receptor M5,87,274
MOL002907,Corchoroside A_qt,https://tcmsp-e.com/molecule.php?qn=2907,Mineralocorticoid receptor,252,737
MOL002907,Corchoroside A_qt,https://tcmsp-e.com/molecule.php?qn=2907,Nuclear receptor coactivator 2,3276,6241
MOL000360,FER,https://tcmsp-e.com/molecule.php?qn=360,Prostaglandin G/H synthase 1,6,20
MOL000360,FER,https://tcmsp-e.com/molecule.php?qn=360,Prostaglandin G/H synthase 2,94,290
MOL000360,FER,https://tcmsp-e.com/molecule.php?qn=360,"Nitric-oxide synthase, endothelial",95,291
MOL000360,FER,https://tcmsp-e.com/molecule.php?qn=360,Alpha-2A adrenergic receptor,105,318
MOL000360,FER,https://tcmsp-e.com/molecule.php?qn=360,Sodium-dependent noradrenaline transporter,186,540
MOL000360,FER,https://tcmsp-e.com/molecule.php?qn=360,Alpha-1A adrenergic receptor,191,556
MOL000360,FER,https://tcmsp-e.com/molecule.php?qn=360,Sodium-dependent dopamine transporter,239,713
MOL000360,FER,https://tcmsp-e.com/molecule.php?qn=360,Beta-2 adrenergic receptor,261,766
MOL000360,FER,https://tcmsp-e.com/molecule.php?qn=360,Leukotriene A-4 hydrolase,521,3060
MOL000360,FER,https://tcmsp-e.com/molecule.php?qn=360,Amine oxidase [flavin-containing] B,565,3939
MOL000360,FER,https://tcmsp-e.com/molecule.php?qn=360,Amine oxidase [flavin-containing] A,566,3941
MOL000360,FER,https://tcmsp-e.com/molecule.php?qn=360,Chymotrypsinogen B,1696,6011
MOL000360,FER,https://tcmsp-e.com/molecule.php?qn=360,mRNA of PKA Catalytic Subunit C-alpha,699,6263
MOL000360,FER,https://tcmsp-e.com/molecule.php?qn=360,Alpha-2B adrenergic receptor,214,629
MOL000360,FER,https://tcmsp-e.com/molecule.php?qn=360,Urokinase-type plasminogen activator,346,1074
MOL000360,FER,https://tcmsp-e.com/molecule.php?qn=360,Heat shock protein HSP 90,444,1939
MOL000622,Magnograndiolide,https://tcmsp-e.com/molecule.php?qn=622,Gamma-aminobutyric-acid receptor alpha-2 subunit,141,423
MOL000622,Magnograndiolide,https://tcmsp-e.com/molecule.php?qn=622,Gamma-aminobutyric acid receptor subunit alpha-1,309,872
MOL000622,Magnograndiolide,https://tcmsp-e.com/molecule.php?qn=622,Glutamate receptor 2,3216,921
MOL000622,Magnograndiolide,https://tcmsp-e.com/molecule.php?qn=622,Gamma-aminobutyric-acid receptor subunit alpha-6,3284,841
MOL000778,6-O-E-Feruloylajugol,https://tcmsp-e.com/molecule.php?qn=778,Estrogen receptor,46,136
MOL000778,6-O-E-Feruloylajugol,https://tcmsp-e.com/molecule.php?qn=778,Carbonic anhydrase II,117,357
MOL000778,6-O-E-Feruloylajugol,https://tcmsp-e.com/molecule.php?qn=778,Glycogen synthase kinase-3 beta,422,1721
MOL000778,6-O-E-Feruloylajugol,https://tcmsp-e.com/molecule.php?qn=778,Beta-lactamase,499,2478
MOL000778,6-O-E-Feruloylajugol,https://tcmsp-e.com/molecule.php?qn=778,Trypsin-1,2928,3176
MOL000778,6-O-E-Feruloylajugol,https://tcmsp-e.com/molecule.php?qn=778,Cyclin-A2,3025,6235
MOL000779,6-O-E-Feruloylajugol_qt,https://tcmsp-e.com/molecule.php?qn=779,Estrogen receptor,46,136
MOL000779,6-O-E-Feruloylajugol_qt,https://tcmsp-e.com/molecule.php?qn=779,Carbonic anhydrase II,117,357
MOL000779,6-O-E-Feruloylajugol_qt,https://tcmsp-e.com/molecule.php?qn=779,Glycogen synthase kinase-3 beta,422,1721
MOL000779,6-O-E-Feruloylajugol_qt,https://tcmsp-e.com/molecule.php?qn=779,Beta-lactamase,499,2478
MOL000779,6-O-E-Feruloylajugol_qt,https://tcmsp-e.com/molecule.php?qn=779,Trypsin-1,2928,3176
MOL000779,6-O-E-Feruloylajugol_qt,https://tcmsp-e.com/molecule.php?qn=779,Cyclin-A2,3025,6235
MOL000785,palmatine,https://tcmsp-e.com/molecule.php?qn=785,"Nitric oxide synthase, inducible",3,7
MOL000785,palmatine,https://tcmsp-e.com/molecule.php?qn=785,Prostaglandin G/H synthase 1,6,20
MOL000785,palmatine,https://tcmsp-e.com/molecule.php?qn=785,Potassium voltage-gated channel subfamily H member 2,37,101
MOL000785,palmatine,https://tcmsp-e.com/molecule.php?qn=785,Estrogen receptor,46,136
MOL000785,palmatine,https://tcmsp-e.com/molecule.php?qn=785,Androgen receptor,48,146
MOL000785,palmatine,https://tcmsp-e.com/molecule.php?qn=785,Sodium channel protein type 5 subunit alpha,70,220
MOL000785,palmatine,https://tcmsp-e.com/molecule.php?qn=785,Prostaglandin G/H synthase 2,94,290
MOL000785,palmatine,https://tcmsp-e.com/molecule.php?qn=785,"Nitric-oxide synthase, endothelial",95,291
MOL000785,palmatine,https://tcmsp-e.com/molecule.php?qn=785,Retinoic acid receptor RXR-alpha,158,459
MOL000785,palmatine,https://tcmsp-e.com/molecule.php?qn=785,Beta-2 adrenergic receptor,261,766
MOL000785,palmatine,https://tcmsp-e.com/molecule.php?qn=785,Estrogen receptor beta,307,869
MOL000785,palmatine,https://tcmsp-e.com/molecule.php?qn=785,Heat shock protein HSP 90,444,1939
MOL000785,palmatine,https://tcmsp-e.com/molecule.php?qn=785,Trypsin-1,2928,3176
MOL000785,palmatine,https://tcmsp-e.com/molecule.php?qn=785,Proto-oncogene serine/threonine-protein kinase Pim-1,2966,2347
MOL000785,palmatine,https://tcmsp-e.com/molecule.php?qn=785,Nuclear receptor coactivator 2,3276,6241
MOL000785,palmatine,https://tcmsp-e.com/molecule.php?qn=785,Calmodulin,3907,465
MOL000785,palmatine,https://tcmsp-e.com/molecule.php?qn=785,mRNA of PKA Catalytic Subunit C-alpha,699,6263
MOL000785,palmatine,https://tcmsp-e.com/molecule.php?qn=785,Cell division protein kinase 2,482,2240
MOL000785,palmatine,https://tcmsp-e.com/molecule.php?qn=785,Coagulation factor VII,123,369
MOL000789,jatrorrizine,https://tcmsp-e.com/molecule.php?qn=789,"Nitric oxide synthase, inducible",3,7
MOL000789,jatrorrizine,https://tcmsp-e.com/molecule.php?qn=789,Prostaglandin G/H synthase 1,6,20
MOL000789,jatrorrizine,https://tcmsp-e.com/molecule.php?qn=789,Potassium voltage-gated channel subfamily H member 2,37,101
MOL000789,jatrorrizine,https://tcmsp-e.com/molecule.php?qn=789,Estrogen receptor,46,136
MOL000789,jatrorrizine,https://tcmsp-e.com/molecule.php?qn=789,Androgen receptor,48,146
MOL000789,jatrorrizine,https://tcmsp-e.com/molecule.php?qn=789,Sodium channel protein type 5 subunit alpha,70,220
MOL000789,jatrorrizine,https://tcmsp-e.com/molecule.php?qn=789,Prostaglandin G/H synthase 2,94,290
MOL000789,jatrorrizine,https://tcmsp-e.com/molecule.php?qn=789,"Nitric-oxide synthase, endothelial",95,291
MOL000789,jatrorrizine,https://tcmsp-e.com/molecule.php?qn=789,Retinoic acid receptor RXR-alpha,158,459
MOL000789,jatrorrizine,https://tcmsp-e.com/molecule.php?qn=789,Estrogen receptor beta,307,869
MOL000789,jatrorrizine,https://tcmsp-e.com/molecule.php?qn=789,Heat shock protein HSP 90,444,1939
MOL000789,jatrorrizine,https://tcmsp-e.com/molecule.php?qn=789,Cell division protein kinase 2,482,2240
MOL000789,jatrorrizine,https://tcmsp-e.com/molecule.php?qn=789,Trypsin-1,2928,3176
MOL000789,jatrorrizine,https://tcmsp-e.com/molecule.php?qn=789,Proto-oncogene serine/threonine-protein kinase Pim-1,2966,2347
MOL000789,jatrorrizine,https://tcmsp-e.com/molecule.php?qn=789,Cyclin-A2,3025,6235
MOL000789,jatrorrizine,https://tcmsp-e.com/molecule.php?qn=789,Nuclear receptor coactivator 2,3276,6241
MOL000789,jatrorrizine,https://tcmsp-e.com/molecule.php?qn=789,Calmodulin,3907,465
MOL000789,jatrorrizine,https://tcmsp-e.com/molecule.php?qn=789,Calcium-activated potassium channel subunit alpha 1,3727,610
MOL000789,jatrorrizine,https://tcmsp-e.com/molecule.php?qn=789,DNA topoisomerase II,287,817
MOL000789,jatrorrizine,https://tcmsp-e.com/molecule.php?qn=789,mRNA of PKA Catalytic Subunit C-alpha,699,6263
MOL000098,quercetin,https://tcmsp-e.com/molecule.php?qn=98,Prostaglandin G/H synthase 1,6,20
MOL000098,quercetin,https://tcmsp-e.com/molecule.php?qn=98,Androgen receptor,48,146
MOL000098,quercetin,https://tcmsp-e.com/molecule.php?qn=98,Peroxisome proliferator activated receptor gamma,78,238
MOL000098,quercetin,https://tcmsp-e.com/molecule.php?qn=98,Prostaglandin G/H synthase 2,94,290
MOL000098,quercetin,https://tcmsp-e.com/molecule.php?qn=98,Heat shock protein HSP 90,444,1939
MOL000098,quercetin,https://tcmsp-e.com/molecule.php?qn=98,"Phosphatidylinositol-4,5-bisphosphate 3-kinase catalytic subunit, gamma isoform",491,2404
MOL000098,quercetin,https://tcmsp-e.com/molecule.php?qn=98,Nuclear receptor coactivator 2,3276,6241
MOL000098,quercetin,https://tcmsp-e.com/molecule.php?qn=98,Dipeptidyl peptidase IV,332,952
MOL000098,quercetin,https://tcmsp-e.com/molecule.php?qn=98,Aldose reductase,288,822
MOL000098,quercetin,https://tcmsp-e.com/molecule.php?qn=98,Trypsin-1,2928,3176
MOL000098,quercetin,https://tcmsp-e.com/molecule.php?qn=98,DNA topoisomerase II,287,817
MOL000098,quercetin,https://tcmsp-e.com/molecule.php?qn=98,Thrombin,17,54
MOL000098,quercetin,https://tcmsp-e.com/molecule.php?qn=98,Potassium voltage-gated channel subfamily H member 2,37,101
MOL000098,quercetin,https://tcmsp-e.com/molecule.php?qn=98,Sodium channel protein type 5 subunit alpha,70,220
MOL000098,quercetin,https://tcmsp-e.com/molecule.php?qn=98,Coagulation factor Xa,79,239
MOL000098,quercetin,https://tcmsp-e.com/molecule.php?qn=98,Beta-2 adrenergic receptor,261,766
MOL000098,quercetin,https://tcmsp-e.com/molecule.php?qn=98,Stromelysin-1,441,1926
MOL000098,quercetin,https://tcmsp-e.com/molecule.php?qn=98,mRNA of PKA Catalytic Subunit C-alpha,699,6263
MOL000098,quercetin,https://tcmsp-e.com/molecule.php?qn=98,Coagulation factor VII,123,369
MOL000098,quercetin,https://tcmsp-e.com/molecule.php?qn=98,"Nitric-oxide synthase, endothelial",95,291
MOL000098,quercetin,https://tcmsp-e.com/molecule.php?qn=98,Retinoic acid receptor RXR-alpha,158,459
MOL000098,quercetin,https://tcmsp-e.com/molecule.php?qn=98,Acetylcholinesterase,165,474
MOL000098,quercetin,https://tcmsp-e.com/molecule.php?qn=98,Gamma-aminobutyric acid receptor subunit alpha-1,309,872
MOL000098,quercetin,https://tcmsp-e.com/molecule.php?qn=98,Amine oxidase [flavin-containing] B,565,3939
MOL000098,quercetin,https://tcmsp-e.com/molecule.php?qn=98,Transcription factor p65,4565,N/A
MOL000098,quercetin,https://tcmsp-e.com/molecule.php?qn=98,Epidermal growth factor receptor,298,844
MOL000098,quercetin,https://tcmsp-e.com/molecule.php?qn=98,RAC-alpha serine/threonine-protein kinase,4490,N/A
MOL000098,quercetin,https://tcmsp-e.com/molecule.php?qn=98,Vascular endothelial growth factor A,740,183
MOL000098,quercetin,https://tcmsp-e.com/molecule.php?qn=98,G1/S-specific cyclin-D1,4214,N/A
MOL000098,quercetin,https://tcmsp-e.com/molecule.php?qn=98,Apoptosis regulator Bcl-2,86,273
MOL000098,quercetin,https://tcmsp-e.com/molecule.php?qn=98,Bcl-2-like protein 1,4054,N/A
MOL000098,quercetin,https://tcmsp-e.com/molecule.php?qn=98,Proto-oncogene c-Fos,4478,N/A
MOL000098,quercetin,https://tcmsp-e.com/molecule.php?qn=98,Cyclin-dependent kinase inhibitor 1,4141,N/A
MOL000098,quercetin,https://tcmsp-e.com/molecule.php?qn=98,Eukaryotic translation initiation factor 6,4197,N/A
MOL000098,quercetin,https://tcmsp-e.com/molecule.php?qn=98,Apoptosis regulator BAX,4033,N/A
MOL000098,quercetin,https://tcmsp-e.com/molecule.php?qn=98,Caspase-9,4090,N/A
MOL000098,quercetin,https://tcmsp-e.com/molecule.php?qn=98,Urokinase-type plasminogen activator,346,1074
MOL000098,quercetin,https://tcmsp-e.com/molecule.php?qn=98,72 kDa type IV collagenase,238,707
MOL000098,quercetin,https://tcmsp-e.com/molecule.php?qn=98,Matrix metalloproteinase-9,4334,N/A
MOL000098,quercetin,https://tcmsp-e.com/molecule.php?qn=98,Mitogen-activated protein kinase 1,354,1176
MOL000098,quercetin,https://tcmsp-e.com/molecule.php?qn=98,Interleukin-10,4292,N/A
MOL000098,quercetin,https://tcmsp-e.com/molecule.php?qn=98,Pro-epidermal growth factor,734,1278
MOL000098,quercetin,https://tcmsp-e.com/molecule.php?qn=98,Retinoblastoma-associated protein,2915,3846
MOL000098,quercetin,https://tcmsp-e.com/molecule.php?qn=98,Tumor necrosis factor,265,777
MOL000098,quercetin,https://tcmsp-e.com/molecule.php?qn=98,Transcription factor AP-1,414,1629
MOL000098,quercetin,https://tcmsp-e.com/molecule.php?qn=98,Interleukin-6,351,1159
MOL000098,quercetin,https://tcmsp-e.com/molecule.php?qn=98,"Cyclin-dependent kinase inhibitor 2A, isoforms 1/2/3",4144,N/A
MOL000098,quercetin,https://tcmsp-e.com/molecule.php?qn=98,Activator of 90 kDa heat shock protein ATPase homolog 1,4007,N/A
MOL000098,quercetin,https://tcmsp-e.com/molecule.php?qn=98,Caspase-3,4087,N/A
MOL000098,quercetin,https://tcmsp-e.com/molecule.php?qn=98,Cellular tumor antigen p53,646,5788
MOL000098,quercetin,https://tcmsp-e.com/molecule.php?qn=98,ETS domain-containing protein Elk-1,4194,N/A
MOL000098,quercetin,https://tcmsp-e.com/molecule.php?qn=98,NF-kappa-B inhibitor alpha,4394,N/A
MOL000098,quercetin,https://tcmsp-e.com/molecule.php?qn=98,NADPH--cytochrome P450 reductase,744,4120
MOL000098,quercetin,https://tcmsp-e.com/molecule.php?qn=98,Ornithine decarboxylase,153,449
MOL000098,quercetin,https://tcmsp-e.com/molecule.php?qn=98,Xanthine dehydrogenase/oxidase,568,3947
MOL000098,quercetin,https://tcmsp-e.com/molecule.php?qn=98,Caspase-8,4089,N/A
MOL000098,quercetin,https://tcmsp-e.com/molecule.php?qn=98,DNA topoisomerase 1,1293,3552
MOL000098,quercetin,https://tcmsp-e.com/molecule.php?qn=98,RAF proto-oncogene serine/threonine-protein kinase,4491,N/A
MOL000098,quercetin,https://tcmsp-e.com/molecule.php?qn=98,Superoxide dismutase [Cu-Zn],597,4152
MOL000098,quercetin,https://tcmsp-e.com/molecule.php?qn=98,Protein kinase C alpha type,4469,N/A
MOL000098,quercetin,https://tcmsp-e.com/molecule.php?qn=98,Interstitial collagenase,353,1167
MOL000098,quercetin,https://tcmsp-e.com/molecule.php?qn=98,Hypoxia-inducible factor 1-alpha,4263,N/A
MOL000098,quercetin,https://tcmsp-e.com/molecule.php?qn=98,Signal transducer and activator of transcription 1-alpha/beta,4525,N/A
MOL000098,quercetin,https://tcmsp-e.com/molecule.php?qn=98,Protein CBFA2T1,4464,N/A
MOL000098,quercetin,https://tcmsp-e.com/molecule.php?qn=98,Probable E3 ubiquitin-protein ligase HERC5,4441,N/A
MOL000098,quercetin,https://tcmsp-e.com/molecule.php?qn=98,Cell division control protein 2 homolog,431,1771
MOL000098,quercetin,https://tcmsp-e.com/molecule.php?qn=98,78 kDa glucose-regulated protein,2963,1847
MOL000098,quercetin,https://tcmsp-e.com/molecule.php?qn=98,Receptor tyrosine-protein kinase erbB-2,4496,N/A
MOL000098,quercetin,https://tcmsp-e.com/molecule.php?qn=98,Peroxisome proliferator-activated receptor gamma,4422,N/A
MOL000098,quercetin,https://tcmsp-e.com/molecule.php?qn=98,Acetyl-CoA carboxylase 1,231,690
MOL000098,quercetin,https://tcmsp-e.com/molecule.php?qn=98,Heme oxygenase 1,2132,3391
MOL000098,quercetin,https://tcmsp-e.com/molecule.php?qn=98,Cytochrome P450 3A4,621,4512
MOL000098,quercetin,https://tcmsp-e.com/molecule.php?qn=98,Cytochrome P450 1A2,724,4200
MOL000098,quercetin,https://tcmsp-e.com/molecule.php?qn=98,Caveolin-1,4095,N/A
MOL000098,quercetin,https://tcmsp-e.com/molecule.php?qn=98,Myc proto-oncogene protein,4372,N/A
MOL000098,quercetin,https://tcmsp-e.com/molecule.php?qn=98,Tissue factor,466,2139
MOL000098,quercetin,https://tcmsp-e.com/molecule.php?qn=98,Gap junction alpha-1 protein,436,1827
MOL000098,quercetin,https://tcmsp-e.com/molecule.php?qn=98,Cytochrome P450 1A1,4149,N/A
MOL000098,quercetin,https://tcmsp-e.com/molecule.php?qn=98,Intercellular adhesion molecule 1,4287,N/A
MOL000098,quercetin,https://tcmsp-e.com/molecule.php?qn=98,Interleukin-1 beta,418,1654
MOL000098,quercetin,https://tcmsp-e.com/molecule.php?qn=98,C-C motif chemokine 2,417,1649
MOL000098,quercetin,https://tcmsp-e.com/molecule.php?qn=98,E-selectin,427,1756
MOL000098,quercetin,https://tcmsp-e.com/molecule.php?qn=98,Vascular cell adhesion protein 1,440,1908
MOL000098,quercetin,https://tcmsp-e.com/molecule.php?qn=98,Prostaglandin E2 receptor EP3 subtype,593,4131
MOL000098,quercetin,https://tcmsp-e.com/molecule.php?qn=98,Interleukin-8,4303,N/A
MOL000098,quercetin,https://tcmsp-e.com/molecule.php?qn=98,Protein kinase C beta type,4470,N/A
MOL000098,quercetin,https://tcmsp-e.com/molecule.php?qn=98,Baculoviral IAP repeat-containing protein 5,4044,N/A
MOL000098,quercetin,https://tcmsp-e.com/molecule.php?qn=98,Dual oxidase 2,4174,N/A
MOL000098,quercetin,https://tcmsp-e.com/molecule.php?qn=98,"Nitric oxide synthase, endothelial",4395,N/A
MOL000098,quercetin,https://tcmsp-e.com/molecule.php?qn=98,Heat shock protein beta-1,4247,N/A
MOL000098,quercetin,https://tcmsp-e.com/molecule.php?qn=98,Transforming growth factor beta-1,4568,N/A
MOL000098,quercetin,https://tcmsp-e.com/molecule.php?qn=98,Estrogen sulfotransferase,781,1275
MOL000098,quercetin,https://tcmsp-e.com/molecule.php?qn=98,"Maltase-glucoamylase, intestinal",318,929
MOL000098,quercetin,https://tcmsp-e.com/molecule.php?qn=98,Interleukin-2,3978,1575
MOL000098,quercetin,https://tcmsp-e.com/molecule.php?qn=98,Nuclear receptor subfamily 1 group I member 2,4403,N/A
MOL000098,quercetin,https://tcmsp-e.com/molecule.php?qn=98,Cytochrome P450 1B1,4150,N/A
MOL000098,quercetin,https://tcmsp-e.com/molecule.php?qn=98,G2/mitotic-specific cyclin-B1,4219,N/A
MOL000098,quercetin,https://tcmsp-e.com/molecule.php?qn=98,Tissue-type plasminogen activator,434,1792
MOL000098,quercetin,https://tcmsp-e.com/molecule.php?qn=98,Thrombomodulin,457,2021
MOL000098,quercetin,https://tcmsp-e.com/molecule.php?qn=98,Plasminogen activator inhibitor 1,4429,N/A
MOL000098,quercetin,https://tcmsp-e.com/molecule.php?qn=98,Collagen alpha-1(I) chain,731,28
MOL000098,quercetin,https://tcmsp-e.com/molecule.php?qn=98,Interferon gamma,365,1253
MOL000098,quercetin,https://tcmsp-e.com/molecule.php?qn=98,Arachidonate 5-lipoxygenase,88,275
MOL000098,quercetin,https://tcmsp-e.com/molecule.php?qn=98,"Phosphatidylinositol-3,4,5-trisphosphate 3-phosphatase and dual-specificity protein phosphatase PTEN",4620,N/A
MOL000098,quercetin,https://tcmsp-e.com/molecule.php?qn=98,Interleukin-1 alpha,4297,N/A
MOL000098,quercetin,https://tcmsp-e.com/molecule.php?qn=98,Myeloperoxidase,428,1757
MOL000098,quercetin,https://tcmsp-e.com/molecule.php?qn=98,DNA topoisomerase 2-alpha,4172,N/A
MOL000098,quercetin,https://tcmsp-e.com/molecule.php?qn=98,Neutrophil cytosol factor 1,4391,N/A
MOL000098,quercetin,https://tcmsp-e.com/molecule.php?qn=98,ATP-binding cassette sub-family G member 2,4038,N/A
MOL000098,quercetin,https://tcmsp-e.com/molecule.php?qn=98,Hyaluronan synthase 2,4262,N/A
MOL000098,quercetin,https://tcmsp-e.com/molecule.php?qn=98,Glutathione S-transferase P,733,904
MOL000098,quercetin,https://tcmsp-e.com/molecule.php?qn=98,Nuclear factor erythroid 2-related factor 2,4398,N/A
MOL000098,quercetin,https://tcmsp-e.com/molecule.php?qn=98,NAD(P)H dehydrogenase [quinone] 1,470,2157
MOL000098,quercetin,https://tcmsp-e.com/molecule.php?qn=98,Poly [ADP-ribose] polymerase 1,4435,N/A
MOL000098,quercetin,https://tcmsp-e.com/molecule.php?qn=98,Aryl hydrocarbon receptor,3204,6220
MOL000098,quercetin,https://tcmsp-e.com/molecule.php?qn=98,26S proteasome non-ATPase regulatory subunit 3,3993,N/A
MOL000098,quercetin,https://tcmsp-e.com/molecule.php?qn=98,"Solute carrier family 2, facilitated glucose transporter member 4",4535,N/A
MOL000098,quercetin,https://tcmsp-e.com/molecule.php?qn=98,Collagen alpha-1(III) chain,2885,3853
MOL000098,quercetin,https://tcmsp-e.com/molecule.php?qn=98,DNA gyrase subunit B,1366,4150
MOL000098,quercetin,https://tcmsp-e.com/molecule.php?qn=98,C-X-C motif chemokine 11,4137,N/A
MOL000098,quercetin,https://tcmsp-e.com/molecule.php?qn=98,C-X-C motif chemokine 2,4138,N/A
MOL000098,quercetin,https://tcmsp-e.com/molecule.php?qn=98,DDB1- and CUL4-associated factor 5,4159,N/A
MOL000098,quercetin,https://tcmsp-e.com/molecule.php?qn=98,Nuclear receptor subfamily 1 group I member 3,4404,N/A
MOL000098,quercetin,https://tcmsp-e.com/molecule.php?qn=98,Serine/threonine-protein kinase Chk2,4513,N/A
MOL000098,quercetin,https://tcmsp-e.com/molecule.php?qn=98,Insulin receptor,11,36
MOL000098,quercetin,https://tcmsp-e.com/molecule.php?qn=98,Claudin-4,4125,N/A
MOL000098,quercetin,https://tcmsp-e.com/molecule.php?qn=98,Peroxisome proliferator-activated receptor alpha,4420,N/A
MOL000098,quercetin,https://tcmsp-e.com/molecule.php?qn=98,Peroxisome proliferator-activated receptor delta,4421,N/A
MOL000098,quercetin,https://tcmsp-e.com/molecule.php?qn=98,Heat shock factor protein 1,4246,N/A
MOL000098,quercetin,https://tcmsp-e.com/molecule.php?qn=98,C-reactive protein,4130,N/A
MOL000098,quercetin,https://tcmsp-e.com/molecule.php?qn=98,C-X-C motif chemokine 10,4136,N/A
MOL000098,quercetin,https://tcmsp-e.com/molecule.php?qn=98,Inhibitor of nuclear factor kappa-B kinase subunit alpha,4270,N/A
MOL000098,quercetin,https://tcmsp-e.com/molecule.php?qn=98,Osteopontin,4411,N/A
MOL000098,quercetin,https://tcmsp-e.com/molecule.php?qn=98,Runt-related transcription factor 2,4505,N/A
MOL000098,quercetin,https://tcmsp-e.com/molecule.php?qn=98,Ras association domain-containing protein 1,4492,N/A
MOL000098,quercetin,https://tcmsp-e.com/molecule.php?qn=98,Transcription factor E2F1,4560,N/A
MOL000098,quercetin,https://tcmsp-e.com/molecule.php?qn=98,Transcription factor E2F2,4561,N/A
MOL000098,quercetin,https://tcmsp-e.com/molecule.php?qn=98,Prostatic acid phosphatase,2998,1859
MOL000098,quercetin,https://tcmsp-e.com/molecule.php?qn=98,Cathepsin D,363,1243
MOL000098,quercetin,https://tcmsp-e.com/molecule.php?qn=98,Insulin-like growth factor-binding protein 3,4276,N/A
MOL000098,quercetin,https://tcmsp-e.com/molecule.php?qn=98,Insulin-like growth factor II,4279,N/A
MOL000098,quercetin,https://tcmsp-e.com/molecule.php?qn=98,CD40 ligand,4107,N/A
MOL000098,quercetin,https://tcmsp-e.com/molecule.php?qn=98,Interferon regulatory factor 1,4290,N/A
MOL000098,quercetin,https://tcmsp-e.com/molecule.php?qn=98,Receptor tyrosine-protein kinase erbB-3,4497,N/A
MOL000098,quercetin,https://tcmsp-e.com/molecule.php?qn=98,Serum paraoxonase/arylesterase 1,357,1198
MOL000098,quercetin,https://tcmsp-e.com/molecule.php?qn=98,Type I iodothyronine deiodinase,4589,N/A
MOL000098,quercetin,https://tcmsp-e.com/molecule.php?qn=98,Procollagen C-endopeptidase enhancer 1,4443,N/A
MOL000098,quercetin,https://tcmsp-e.com/molecule.php?qn=98,Puromycin-sensitive aminopeptidase,4484,N/A
MOL000098,quercetin,https://tcmsp-e.com/molecule.php?qn=98,Hexokinase-2,4252,N/A
MOL000098,quercetin,https://tcmsp-e.com/molecule.php?qn=98,Homeobox protein Nkx-3.1,4259,N/A
MOL000098,quercetin,https://tcmsp-e.com/molecule.php?qn=98,Ras GTPase-activating protein 1,4493,N/A
MOL000098,quercetin,https://tcmsp-e.com/molecule.php?qn=98,Peroxidase C1A,4418,N/A
MOL000098,quercetin,https://tcmsp-e.com/molecule.php?qn=98,Glutathione S-transferase Mu 1,2952,896
MOL000098,quercetin,https://tcmsp-e.com/molecule.php?qn=98,Glutathione S-transferase Mu 2,3688,2165
MOL000114,vanillic acid,https://tcmsp-e.com/molecule.php?qn=114,Prostaglandin G/H synthase 2,94,290
MOL000114,vanillic acid,https://tcmsp-e.com/molecule.php?qn=114,Amine oxidase [flavin-containing] B,565,3939
MOL000114,vanillic acid,https://tcmsp-e.com/molecule.php?qn=114,Amine oxidase [flavin-containing] A,566,3941
MOL000114,vanillic acid,https://tcmsp-e.com/molecule.php?qn=114,Alpha-2A adrenergic receptor,105,318
MOL000114,vanillic acid,https://tcmsp-e.com/molecule.php?qn=114,Prostaglandin G/H synthase 1,6,20
MOL000114,vanillic acid,https://tcmsp-e.com/molecule.php?qn=114,Lysozyme,1172,2300
MOL000114,vanillic acid,https://tcmsp-e.com/molecule.php?qn=114,"Nitric oxide synthase, endothelial",4395,N/A
MOL000114,vanillic acid,https://tcmsp-e.com/molecule.php?qn=114,"5,6-dihydroxyindole-2-carboxylic acid oxidase",4000,N/A
MOL000141,hydroxytyrosol,https://tcmsp-e.com/molecule.php?qn=141,Dopamine D1 receptor,7,23
MOL000141,hydroxytyrosol,https://tcmsp-e.com/molecule.php?qn=141,Beta-1 adrenergic receptor,63,193
MOL000141,hydroxytyrosol,https://tcmsp-e.com/molecule.php?qn=141,Alpha-2A adrenergic receptor,105,318
MOL000141,hydroxytyrosol,https://tcmsp-e.com/molecule.php?qn=141,Alpha-2C adrenergic receptor,126,378
MOL000141,hydroxytyrosol,https://tcmsp-e.com/molecule.php?qn=141,Sodium-dependent noradrenaline transporter,186,540
MOL000141,hydroxytyrosol,https://tcmsp-e.com/molecule.php?qn=141,Alpha-1A adrenergic receptor,191,556
MOL000141,hydroxytyrosol,https://tcmsp-e.com/molecule.php?qn=141,Alpha-2B adrenergic receptor,214,629
MOL000141,hydroxytyrosol,https://tcmsp-e.com/molecule.php?qn=141,Alpha-1B adrenergic receptor,216,632
MOL000141,hydroxytyrosol,https://tcmsp-e.com/molecule.php?qn=141,Sodium-dependent dopamine transporter,239,713
MOL000141,hydroxytyrosol,https://tcmsp-e.com/molecule.php?qn=141,Alpha-1D adrenergic receptor,272,789
MOL000141,hydroxytyrosol,https://tcmsp-e.com/molecule.php?qn=141,Urokinase-type plasminogen activator,346,1074
MOL000141,hydroxytyrosol,https://tcmsp-e.com/molecule.php?qn=141,Amine oxidase [flavin-containing] B,565,3939
MOL000141,hydroxytyrosol,https://tcmsp-e.com/molecule.php?qn=141,Amine oxidase [flavin-containing] A,566,3941
MOL000141,hydroxytyrosol,https://tcmsp-e.com/molecule.php?qn=141,Lysozyme,1172,2300
MOL000141,hydroxytyrosol,https://tcmsp-e.com/molecule.php?qn=141,Chymotrypsinogen B,1696,6011
MOL000141,hydroxytyrosol,https://tcmsp-e.com/molecule.php?qn=141,Nicotinate-nucleotide--dimethylbenzimidazole phosphoribosyltransferase,2262,2264
MOL000141,hydroxytyrosol,https://tcmsp-e.com/molecule.php?qn=141,Trypsin-3,3952,2886
MOL000141,hydroxytyrosol,https://tcmsp-e.com/molecule.php?qn=141,Alcohol dehydrogenase 1C,727,517
MOL000141,hydroxytyrosol,https://tcmsp-e.com/molecule.php?qn=141,Prostaglandin G/H synthase 1,6,20
MOL000141,hydroxytyrosol,https://tcmsp-e.com/molecule.php?qn=141,Muscarinic acetylcholine receptor M1,38,103
MOL000141,hydroxytyrosol,https://tcmsp-e.com/molecule.php?qn=141,Prostaglandin G/H synthase 2,94,290
MOL000141,hydroxytyrosol,https://tcmsp-e.com/molecule.php?qn=141,Gamma-aminobutyric-acid receptor alpha-2 subunit,141,423
MOL000141,hydroxytyrosol,https://tcmsp-e.com/molecule.php?qn=141,Gamma-aminobutyric-acid receptor alpha-3 subunit,200,580
MOL000141,hydroxytyrosol,https://tcmsp-e.com/molecule.php?qn=141,Muscarinic acetylcholine receptor M2,210,617
MOL000141,hydroxytyrosol,https://tcmsp-e.com/molecule.php?qn=141,Gamma-aminobutyric acid receptor subunit alpha-1,309,872
MOL000141,hydroxytyrosol,https://tcmsp-e.com/molecule.php?qn=141,Glutamate receptor 2,3216,921
MOL000141,hydroxytyrosol,https://tcmsp-e.com/molecule.php?qn=141,Gamma-aminobutyric-acid receptor subunit alpha-6,3284,841
MOL000141,hydroxytyrosol,https://tcmsp-e.com/molecule.php?qn=141,Transcription factor p65,4565,N/A
MOL000141,hydroxytyrosol,https://tcmsp-e.com/molecule.php?qn=141,Signal transducer and activator of transcription 1-alpha/beta,4525,N/A
MOL000141,hydroxytyrosol,https://tcmsp-e.com/molecule.php?qn=141,Interferon regulatory factor 1,4290,N/A
MOL000771,p-coumaric acid,https://tcmsp-e.com/molecule.php?qn=771,Prostaglandin G/H synthase 1,6,20
MOL000771,p-coumaric acid,https://tcmsp-e.com/molecule.php?qn=771,Prostaglandin G/H synthase 2,94,290
MOL000771,p-coumaric acid,https://tcmsp-e.com/molecule.php?qn=771,Amine oxidase [flavin-containing] B,565,3939
MOL000771,p-coumaric acid,https://tcmsp-e.com/molecule.php?qn=771,Amine oxidase [flavin-containing] A,566,3941
MOL000771,p-coumaric acid,https://tcmsp-e.com/molecule.php?qn=771,Lysozyme,1172,2300
MOL000771,p-coumaric acid,https://tcmsp-e.com/molecule.php?qn=771,Chymotrypsinogen B,1696,6011
MOL000771,p-coumaric acid,https://tcmsp-e.com/molecule.php?qn=771,Group IIE secretory phospholipase A2,3485,6270
MOL000771,p-coumaric acid,https://tcmsp-e.com/molecule.php?qn=771,Thermolysin,1179,6285
MOL000771,p-coumaric acid,https://tcmsp-e.com/molecule.php?qn=771,Bacillolysin,1961,2457
MOL000771,p-coumaric acid,https://tcmsp-e.com/molecule.php?qn=771,"Nitric oxide synthase, endothelial",4395,N/A
MOL000771,p-coumaric acid,https://tcmsp-e.com/molecule.php?qn=771,Tyrosinase,4590,N/A
MOL000771,p-coumaric acid,https://tcmsp-e.com/molecule.php?qn=771,"Polyphenol oxidase I, chloroplastic",4437,N/A
MOL000771,p-coumaric acid,https://tcmsp-e.com/molecule.php?qn=771,C-C motif chemokine 16,4102,N/A
MOL001458,coptisine,https://tcmsp-e.com/molecule.php?qn=1458,"Nitric oxide synthase, inducible",3,7
MOL001458,coptisine,https://tcmsp-e.com/molecule.php?qn=1458,Prostaglandin G/H synthase 1,6,20
MOL001458,coptisine,https://tcmsp-e.com/molecule.php?qn=1458,Potassium voltage-gated channel subfamily H member 2,37,101
MOL001458,coptisine,https://tcmsp-e.com/molecule.php?qn=1458,Estrogen receptor,46,136
MOL001458,coptisine,https://tcmsp-e.com/molecule.php?qn=1458,Androgen receptor,48,146
MOL001458,coptisine,https://tcmsp-e.com/molecule.php?qn=1458,Sodium channel protein type 5 subunit alpha,70,220
MOL001458,coptisine,https://tcmsp-e.com/molecule.php?qn=1458,Prostaglandin G/H synthase 2,94,290
MOL001458,coptisine,https://tcmsp-e.com/molecule.php?qn=1458,"Nitric-oxide synthase, endothelial",95,291
MOL001458,coptisine,https://tcmsp-e.com/molecule.php?qn=1458,Trypsin-1,2928,3176
MOL001845,clemastanin B_qt,https://tcmsp-e.com/molecule.php?qn=1845,Coagulation factor Xa,79,239
MOL001845,clemastanin B_qt,https://tcmsp-e.com/molecule.php?qn=1845,Prostaglandin G/H synthase 2,94,290
MOL001845,clemastanin B_qt,https://tcmsp-e.com/molecule.php?qn=1845,Heat shock protein HSP 90,444,1939
MOL001845,clemastanin B_qt,https://tcmsp-e.com/molecule.php?qn=1845,mRNA of PKA Catalytic Subunit C-alpha,699,6263
MOL001845,clemastanin B_qt,https://tcmsp-e.com/molecule.php?qn=1845,Calmodulin,3907,465
MOL002343,tetrandrine,https://tcmsp-e.com/molecule.php?qn=2343,Transcription factor p65,4565,N/A
MOL002343,tetrandrine,https://tcmsp-e.com/molecule.php?qn=2343,G1/S-specific cyclin-D1,4214,N/A
MOL002343,tetrandrine,https://tcmsp-e.com/molecule.php?qn=2343,Proto-oncogene c-Fos,4478,N/A
MOL002343,tetrandrine,https://tcmsp-e.com/molecule.php?qn=2343,Cyclin-dependent kinase inhibitor 1,4141,N/A
MOL002343,tetrandrine,https://tcmsp-e.com/molecule.php?qn=2343,Cell division protein kinase 4,573,3959
MOL002343,tetrandrine,https://tcmsp-e.com/molecule.php?qn=2343,Cellular tumor antigen p53,646,5788
MOL002343,tetrandrine,https://tcmsp-e.com/molecule.php?qn=2343,Probable E3 ubiquitin-protein ligase HERC5,4441,N/A
MOL002343,tetrandrine,https://tcmsp-e.com/molecule.php?qn=2343,Lipopolysaccharide-induced tumor necrosis factor-alpha factor,4323,N/A
MOL002343,tetrandrine,https://tcmsp-e.com/molecule.php?qn=2343,Transforming growth factor beta-1,4568,N/A
MOL002343,tetrandrine,https://tcmsp-e.com/molecule.php?qn=2343,Interleukin-2,3978,1575
MOL002343,tetrandrine,https://tcmsp-e.com/molecule.php?qn=2343,Interferon gamma,365,1253
MOL002343,tetrandrine,https://tcmsp-e.com/molecule.php?qn=2343,Interleukin-4,4301,N/A
MOL002343,tetrandrine,https://tcmsp-e.com/molecule.php?qn=2343,Transcription factor E2F1,4560,N/A
MOL002343,tetrandrine,https://tcmsp-e.com/molecule.php?qn=2343,Interleukin-2 receptor subunit alpha,4300,N/A
MOL002343,tetrandrine,https://tcmsp-e.com/molecule.php?qn=2343,Mothers against decapentaplegic homolog 7,4366,N/A
MOL002343,tetrandrine,https://tcmsp-e.com/molecule.php?qn=2343,Mothers against decapentaplegic homolog 3,4365,N/A
MOL002343,tetrandrine,https://tcmsp-e.com/molecule.php?qn=2343,Low affinity immunoglobulin epsilon Fc receptor,4326,N/A
MOL002668,Worenine,https://tcmsp-e.com/molecule.php?qn=2668,"Nitric oxide synthase, inducible",3,7
MOL002668,Worenine,https://tcmsp-e.com/molecule.php?qn=2668,Prostaglandin G/H synthase 1,6,20
MOL002668,Worenine,https://tcmsp-e.com/molecule.php?qn=2668,Estrogen receptor,46,136
MOL002668,Worenine,https://tcmsp-e.com/molecule.php?qn=2668,Androgen receptor,48,146
MOL002668,Worenine,https://tcmsp-e.com/molecule.php?qn=2668,Prostaglandin G/H synthase 2,94,290
MOL002668,Worenine,https://tcmsp-e.com/molecule.php?qn=2668,Serine/threonine-protein kinase Chk1,647,5790
MOL002668,Worenine,https://tcmsp-e.com/molecule.php?qn=2668,Proto-oncogene serine/threonine-protein kinase Pim-1,2966,2347
MOL003178,GENOP,https://tcmsp-e.com/molecule.php?qn=3178,Prostaglandin G/H synthase 1,6,20
MOL003178,GENOP,https://tcmsp-e.com/molecule.php?qn=3178,Arachidonate 5-lipoxygenase,88,275
MOL003178,GENOP,https://tcmsp-e.com/molecule.php?qn=3178,Prostaglandin G/H synthase 2,94,290
MOL003178,GENOP,https://tcmsp-e.com/molecule.php?qn=3178,Amine oxidase [flavin-containing] B,565,3939
MOL003178,GENOP,https://tcmsp-e.com/molecule.php?qn=3178,Alcohol dehydrogenase 1C,727,517
MOL003178,GENOP,https://tcmsp-e.com/molecule.php?qn=3178,Lysozyme,1172,2300
MOL003178,GENOP,https://tcmsp-e.com/molecule.php?qn=3178,Chymotrypsinogen B,1696,6011
MOL003178,GENOP,https://tcmsp-e.com/molecule.php?qn=3178,Nicotinate-nucleotide--dimethylbenzimidazole phosphoribosyltransferase,2262,2264
MOL003503,Methyl protocatechuate,https://tcmsp-e.com/molecule.php?qn=3503,Prostaglandin G/H synthase 1,6,20
MOL003503,Methyl protocatechuate,https://tcmsp-e.com/molecule.php?qn=3503,Prostaglandin G/H synthase 2,94,290
MOL003503,Methyl protocatechuate,https://tcmsp-e.com/molecule.php?qn=3503,Alpha-2A adrenergic receptor,105,318
MOL003503,Methyl protocatechuate,https://tcmsp-e.com/molecule.php?qn=3503,Amine oxidase [flavin-containing] B,565,3939
MOL003503,Methyl protocatechuate,https://tcmsp-e.com/molecule.php?qn=3503,Amine oxidase [flavin-containing] A,566,3941
MOL004095,"Cinnamic acid, 3,4-dimethoxy- (8CI)",https://tcmsp-e.com/molecule.php?qn=4095,Prostaglandin G/H synthase 1,6,20
MOL004095,"Cinnamic acid, 3,4-dimethoxy- (8CI)",https://tcmsp-e.com/molecule.php?qn=4095,Muscarinic acetylcholine receptor M1,38,103
MOL004095,"Cinnamic acid, 3,4-dimethoxy- (8CI)",https://tcmsp-e.com/molecule.php?qn=4095,Beta-1 adrenergic receptor,63,193
MOL004095,"Cinnamic acid, 3,4-dimethoxy- (8CI)",https://tcmsp-e.com/molecule.php?qn=4095,Prostaglandin G/H synthase 2,94,290
MOL004095,"Cinnamic acid, 3,4-dimethoxy- (8CI)",https://tcmsp-e.com/molecule.php?qn=4095,"Nitric-oxide synthase, endothelial",95,291
MOL004095,"Cinnamic acid, 3,4-dimethoxy- (8CI)",https://tcmsp-e.com/molecule.php?qn=4095,Alpha-2A adrenergic receptor,105,318
MOL004095,"Cinnamic acid, 3,4-dimethoxy- (8CI)",https://tcmsp-e.com/molecule.php?qn=4095,"CGMP-inhibited 3',5'-cyclic phosphodiesterase A",172,485
MOL004095,"Cinnamic acid, 3,4-dimethoxy- (8CI)",https://tcmsp-e.com/molecule.php?qn=4095,Sodium-dependent noradrenaline transporter,186,540
MOL004095,"Cinnamic acid, 3,4-dimethoxy- (8CI)",https://tcmsp-e.com/molecule.php?qn=4095,Alpha-1A adrenergic receptor,191,556
MOL004095,"Cinnamic acid, 3,4-dimethoxy- (8CI)",https://tcmsp-e.com/molecule.php?qn=4095,Sodium-dependent dopamine transporter,239,713
MOL004095,"Cinnamic acid, 3,4-dimethoxy- (8CI)",https://tcmsp-e.com/molecule.php?qn=4095,Beta-2 adrenergic receptor,261,766
MOL004095,"Cinnamic acid, 3,4-dimethoxy- (8CI)",https://tcmsp-e.com/molecule.php?qn=4095,Sodium-dependent serotonin transporter,290,824
MOL004095,"Cinnamic acid, 3,4-dimethoxy- (8CI)",https://tcmsp-e.com/molecule.php?qn=4095,Leukotriene A-4 hydrolase,521,3060
MOL004095,"Cinnamic acid, 3,4-dimethoxy- (8CI)",https://tcmsp-e.com/molecule.php?qn=4095,Amine oxidase [flavin-containing] B,565,3939
MOL004095,"Cinnamic acid, 3,4-dimethoxy- (8CI)",https://tcmsp-e.com/molecule.php?qn=4095,Amine oxidase [flavin-containing] A,566,3941
MOL004095,"Cinnamic acid, 3,4-dimethoxy- (8CI)",https://tcmsp-e.com/molecule.php?qn=4095,mRNA of PKA Catalytic Subunit C-alpha,699,6263
MOL004095,"Cinnamic acid, 3,4-dimethoxy- (8CI)",https://tcmsp-e.com/molecule.php?qn=4095,cAMP-dependent protein kinase inhibitor alpha,3586,6264
