mol_id,mol_name,target_name,target_id,drugbank_id,mw,alogp,hdon,hacc,ob,caco2,bbb,dl,fasa,halflife,mol_url
MOL001040,"(2R)-5,7-dihydroxy-2-(4-hydroxyphenyl)chroman-4-one",Prostaglandin G/H synthase 1,6,20,272.27,2.30,3,5,42.36,0.38,-0.48,0.21,0.41,16.83,https://tcmsp-e.com/molecule.php?qn=1040
MOL001040,"(2R)-5,7-dihydroxy-2-(4-hydroxyphenyl)chroman-4-one",Estrogen receptor,46,136,272.27,2.30,3,5,42.36,0.38,-0.48,0.21,0.41,16.83,https://tcmsp-e.com/molecule.php?qn=1040
MOL001040,"(2R)-5,7-dihydroxy-2-(4-hydroxyphenyl)chroman-4-one",Prostaglandin G/H synthase 2,94,290,272.27,2.30,3,5,42.36,0.38,-0.48,0.21,0.41,16.83,https://tcmsp-e.com/molecule.php?qn=1040
MOL001040,"(2R)-5,7-dihydroxy-2-(4-hydroxyphenyl)chroman-4-one",Heat shock protein HSP 90,444,1939,272.27,2.30,3,5,42.36,0.38,-0.48,0.21,0.41,16.83,https://tcmsp-e.com/molecule.php?qn=1040
MOL001040,"(2R)-5,7-dihydroxy-2-(4-hydroxyphenyl)chroman-4-one",mRNA of PKA Catalytic Subunit C-alpha,699,6263,272.27,2.30,3,5,42.36,0.38,-0.48,0.21,0.41,16.83,https://tcmsp-e.com/molecule.php?qn=1040
MOL001040,"(2R)-5,7-dihydroxy-2-(4-hydroxyphenyl)chroman-4-one",Beta-lactamase,499,2478,272.27,2.30,3,5,42.36,0.38,-0.48,0.21,0.41,16.83,https://tcmsp-e.com/molecule.php?qn=1040
MOL001040,"(2R)-5,7-dihydroxy-2-(4-hydroxyphenyl)chroman-4-one",Progesterone receptor,209,614,272.27,2.30,3,5,42.36,0.38,-0.48,0.21,0.41,16.83,https://tcmsp-e.com/molecule.php?qn=1040
MOL001040,"(2R)-5,7-dihydroxy-2-(4-hydroxyphenyl)chroman-4-one",Mineralocorticoid receptor,252,737,272.27,2.30,3,5,42.36,0.38,-0.48,0.21,0.41,16.83,https://tcmsp-e.com/molecule.php?qn=1040
MOL001040,"(2R)-5,7-dihydroxy-2-(4-hydroxyphenyl)chroman-4-one",Glucocorticoid receptor,308,871,272.27,2.30,3,5,42.36,0.38,-0.48,0.21,0.41,16.83,https://tcmsp-e.com/molecule.php?qn=1040
MOL001484,Inermine,Prostaglandin G/H synthase 1,6,20,284.28,2.44,1,5,75.18,0.89,0.40,0.54,0.30,11.72,https://tcmsp-e.com/molecule.php?qn=1484
MOL001484,Inermine,Muscarinic acetylcholine receptor M3,16,51,284.28,2.44,1,5,75.18,0.89,0.40,0.54,0.30,11.72,https://tcmsp-e.com/molecule.php?qn=1484
MOL001484,Inermine,Sodium channel protein type 5 subunit alpha,70,220,284.28,2.44,1,5,75.18,0.89,0.40,0.54,0.30,11.72,https://tcmsp-e.com/molecule.php?qn=1484
MOL001484,Inermine,Prostaglandin G/H synthase 2,94,290,284.28,2.44,1,5,75.18,0.89,0.40,0.54,0.30,11.72,https://tcmsp-e.com/molecule.php?qn=1484
MOL001484,Inermine,5-hydroxytryptamine receptor 3A,113,341,284.28,2.44,1,5,75.18,0.89,0.40,0.54,0.30,11.72,https://tcmsp-e.com/molecule.php?qn=1484
MOL001484,Inermine,Retinoic acid receptor RXR-alpha,158,459,284.28,2.44,1,5,75.18,0.89,0.40,0.54,0.30,11.72,https://tcmsp-e.com/molecule.php?qn=1484
MOL001484,Inermine,Alpha-1B adrenergic receptor,216,632,284.28,2.44,1,5,75.18,0.89,0.40,0.54,0.30,11.72,https://tcmsp-e.com/molecule.php?qn=1484
MOL001484,Inermine,Alpha-1D adrenergic receptor,272,789,284.28,2.44,1,5,75.18,0.89,0.40,0.54,0.30,11.72,https://tcmsp-e.com/molecule.php?qn=1484
MOL001484,Inermine,"Phosphatidylinositol-4,5-bisphosphate 3-kinase catalytic subunit, gamma isoform",491,2404,284.28,2.44,1,5,75.18,0.89,0.40,0.54,0.30,11.72,https://tcmsp-e.com/molecule.php?qn=1484
MOL001484,Inermine,mRNA of PKA Catalytic Subunit C-alpha,699,6263,284.28,2.44,1,5,75.18,0.89,0.40,0.54,0.30,11.72,https://tcmsp-e.com/molecule.php?qn=1484
MOL001484,Inermine,Ig gamma-1 chain C region,1201,4785,284.28,2.44,1,5,75.18,0.89,0.40,0.54,0.30,11.72,https://tcmsp-e.com/molecule.php?qn=1484
MOL001484,Inermine,Trypsin-1,2928,3176,284.28,2.44,1,5,75.18,0.89,0.40,0.54,0.30,11.72,https://tcmsp-e.com/molecule.php?qn=1484
MOL001484,Inermine,Calmodulin,3907,465,284.28,2.44,1,5,75.18,0.89,0.40,0.54,0.30,11.72,https://tcmsp-e.com/molecule.php?qn=1484
MOL001484,Inermine,Muscarinic acetylcholine receptor M1,38,103,284.28,2.44,1,5,75.18,0.89,0.40,0.54,0.30,11.72,https://tcmsp-e.com/molecule.php?qn=1484
MOL001484,Inermine,Beta-2 adrenergic receptor,261,766,284.28,2.44,1,5,75.18,0.89,0.40,0.54,0.30,11.72,https://tcmsp-e.com/molecule.php?qn=1484
MOL001484,Inermine,Mu-type opioid receptor,299,847,284.28,2.44,1,5,75.18,0.89,0.40,0.54,0.30,11.72,https://tcmsp-e.com/molecule.php?qn=1484
MOL001484,Inermine,Heat shock protein HSP 90,444,1939,284.28,2.44,1,5,75.18,0.89,0.40,0.54,0.30,11.72,https://tcmsp-e.com/molecule.php?qn=1484
MOL003542,8-Isopentenyl-kaempferol,Thrombin,17,54,354.38,3.63,4,6,38.04,0.53,-0.49,0.39,0.00,15.37,https://tcmsp-e.com/molecule.php?qn=3542
MOL003542,8-Isopentenyl-kaempferol,Estrogen receptor,46,136,354.38,3.63,4,6,38.04,0.53,-0.49,0.39,0.00,15.37,https://tcmsp-e.com/molecule.php?qn=3542
MOL003542,8-Isopentenyl-kaempferol,Androgen receptor,48,146,354.38,3.63,4,6,38.04,0.53,-0.49,0.39,0.00,15.37,https://tcmsp-e.com/molecule.php?qn=3542
MOL003542,8-Isopentenyl-kaempferol,Peroxisome proliferator activated receptor gamma,78,238,354.38,3.63,4,6,38.04,0.53,-0.49,0.39,0.00,15.37,https://tcmsp-e.com/molecule.php?qn=3542
MOL003542,8-Isopentenyl-kaempferol,Coagulation factor Xa,79,239,354.38,3.63,4,6,38.04,0.53,-0.49,0.39,0.00,15.37,https://tcmsp-e.com/molecule.php?qn=3542
MOL003542,8-Isopentenyl-kaempferol,Prostaglandin G/H synthase 2,94,290,354.38,3.63,4,6,38.04,0.53,-0.49,0.39,0.00,15.37,https://tcmsp-e.com/molecule.php?qn=3542
MOL003542,8-Isopentenyl-kaempferol,DNA topoisomerase II,287,817,354.38,3.63,4,6,38.04,0.53,-0.49,0.39,0.00,15.37,https://tcmsp-e.com/molecule.php?qn=3542
MOL003542,8-Isopentenyl-kaempferol,Dipeptidyl peptidase IV,332,952,354.38,3.63,4,6,38.04,0.53,-0.49,0.39,0.00,15.37,https://tcmsp-e.com/molecule.php?qn=3542
MOL003542,8-Isopentenyl-kaempferol,Glycogen synthase kinase-3 beta,422,1721,354.38,3.63,4,6,38.04,0.53,-0.49,0.39,0.00,15.37,https://tcmsp-e.com/molecule.php?qn=3542
MOL003542,8-Isopentenyl-kaempferol,Heat shock protein HSP 90,444,1939,354.38,3.63,4,6,38.04,0.53,-0.49,0.39,0.00,15.37,https://tcmsp-e.com/molecule.php?qn=3542
MOL003542,8-Isopentenyl-kaempferol,Cell division protein kinase 2,482,2240,354.38,3.63,4,6,38.04,0.53,-0.49,0.39,0.00,15.37,https://tcmsp-e.com/molecule.php?qn=3542
MOL003542,8-Isopentenyl-kaempferol,Serine/threonine-protein kinase Chk1,647,5790,354.38,3.63,4,6,38.04,0.53,-0.49,0.39,0.00,15.37,https://tcmsp-e.com/molecule.php?qn=3542
MOL003542,8-Isopentenyl-kaempferol,Trypsin-1,2928,3176,354.38,3.63,4,6,38.04,0.53,-0.49,0.39,0.00,15.37,https://tcmsp-e.com/molecule.php?qn=3542
MOL003542,8-Isopentenyl-kaempferol,Proto-oncogene serine/threonine-protein kinase Pim-1,2966,2347,354.38,3.63,4,6,38.04,0.53,-0.49,0.39,0.00,15.37,https://tcmsp-e.com/molecule.php?qn=3542
MOL003542,8-Isopentenyl-kaempferol,Calmodulin,3907,465,354.38,3.63,4,6,38.04,0.53,-0.49,0.39,0.00,15.37,https://tcmsp-e.com/molecule.php?qn=3542
MOL003542,8-Isopentenyl-kaempferol,Prostaglandin G/H synthase 1,6,20,354.38,3.63,4,6,38.04,0.53,-0.49,0.39,0.00,15.37,https://tcmsp-e.com/molecule.php?qn=3542
MOL003542,8-Isopentenyl-kaempferol,Sodium channel protein type 5 subunit alpha,70,220,354.38,3.63,4,6,38.04,0.53,-0.49,0.39,0.00,15.37,https://tcmsp-e.com/molecule.php?qn=3542
MOL003542,8-Isopentenyl-kaempferol,Coagulation factor VII,123,369,354.38,3.63,4,6,38.04,0.53,-0.49,0.39,0.00,15.37,https://tcmsp-e.com/molecule.php?qn=3542
MOL003542,8-Isopentenyl-kaempferol,Vascular endothelial growth factor receptor 2,139,407,354.38,3.63,4,6,38.04,0.53,-0.49,0.39,0.00,15.37,https://tcmsp-e.com/molecule.php?qn=3542
MOL003542,8-Isopentenyl-kaempferol,Retinoic acid receptor RXR-alpha,158,459,354.38,3.63,4,6,38.04,0.53,-0.49,0.39,0.00,15.37,https://tcmsp-e.com/molecule.php?qn=3542
MOL003542,8-Isopentenyl-kaempferol,Mitogen-activated protein kinase 14,402,1540,354.38,3.63,4,6,38.04,0.53,-0.49,0.39,0.00,15.37,https://tcmsp-e.com/molecule.php?qn=3542
MOL003542,8-Isopentenyl-kaempferol,Cyclin-A2,3025,6235,354.38,3.63,4,6,38.04,0.53,-0.49,0.39,0.00,15.37,https://tcmsp-e.com/molecule.php?qn=3542
MOL003542,8-Isopentenyl-kaempferol,Calcium-activated potassium channel subunit alpha 1,3727,610,354.38,3.63,4,6,38.04,0.53,-0.49,0.39,0.00,15.37,https://tcmsp-e.com/molecule.php?qn=3542
MOL003542,8-Isopentenyl-kaempferol,Nuclear receptor coactivator 2,3276,6241,354.38,3.63,4,6,38.04,0.53,-0.49,0.39,0.00,15.37,https://tcmsp-e.com/molecule.php?qn=3542
MOL003542,8-Isopentenyl-kaempferol,Gamma-aminobutyric-acid receptor alpha-2 subunit,141,423,354.38,3.63,4,6,38.04,0.53,-0.49,0.39,0.00,15.37,https://tcmsp-e.com/molecule.php?qn=3542
MOL003542,8-Isopentenyl-kaempferol,Gamma-aminobutyric acid receptor subunit alpha-1,309,872,354.38,3.63,4,6,38.04,0.53,-0.49,0.39,0.00,15.37,https://tcmsp-e.com/molecule.php?qn=3542
MOL003542,8-Isopentenyl-kaempferol,Ferrichrome-iron receptor,1306,2427,354.38,3.63,4,6,38.04,0.53,-0.49,0.39,0.00,15.37,https://tcmsp-e.com/molecule.php?qn=3542
MOL003542,8-Isopentenyl-kaempferol,"CGMP-inhibited 3',5'-cyclic phosphodiesterase A",172,485,354.38,3.63,4,6,38.04,0.53,-0.49,0.39,0.00,15.37,https://tcmsp-e.com/molecule.php?qn=3542
MOL003542,8-Isopentenyl-kaempferol,Potassium voltage-gated channel subfamily H member 2,37,101,354.38,3.63,4,6,38.04,0.53,-0.49,0.39,0.00,15.37,https://tcmsp-e.com/molecule.php?qn=3542
MOL003542,8-Isopentenyl-kaempferol,"Glycogen phosphorylase, muscle form",350,1152,354.38,3.63,4,6,38.04,0.53,-0.49,0.39,0.00,15.37,https://tcmsp-e.com/molecule.php?qn=3542
MOL003627,sophocarpine,Tumor necrosis factor,265,777,246.39,1.39,0,3,64.26,0.99,1.00,0.25,0.26,5.54,https://tcmsp-e.com/molecule.php?qn=3627
MOL003627,sophocarpine,Interleukin-6,351,1159,246.39,1.39,0,3,64.26,0.99,1.00,0.25,0.26,5.54,https://tcmsp-e.com/molecule.php?qn=3627
MOL003648,Inermin,Prostaglandin G/H synthase 1,6,20,284.28,2.44,1,5,65.83,0.91,0.36,0.54,0.30,11.73,https://tcmsp-e.com/molecule.php?qn=3648
MOL003648,Inermin,Muscarinic acetylcholine receptor M3,16,51,284.28,2.44,1,5,65.83,0.91,0.36,0.54,0.30,11.73,https://tcmsp-e.com/molecule.php?qn=3648
MOL003648,Inermin,Sodium channel protein type 5 subunit alpha,70,220,284.28,2.44,1,5,65.83,0.91,0.36,0.54,0.30,11.73,https://tcmsp-e.com/molecule.php?qn=3648
MOL003648,Inermin,Prostaglandin G/H synthase 2,94,290,284.28,2.44,1,5,65.83,0.91,0.36,0.54,0.30,11.73,https://tcmsp-e.com/molecule.php?qn=3648
MOL003648,Inermin,5-hydroxytryptamine receptor 3A,113,341,284.28,2.44,1,5,65.83,0.91,0.36,0.54,0.30,11.73,https://tcmsp-e.com/molecule.php?qn=3648
MOL003648,Inermin,Retinoic acid receptor RXR-alpha,158,459,284.28,2.44,1,5,65.83,0.91,0.36,0.54,0.30,11.73,https://tcmsp-e.com/molecule.php?qn=3648
MOL003648,Inermin,Alpha-1B adrenergic receptor,216,632,284.28,2.44,1,5,65.83,0.91,0.36,0.54,0.30,11.73,https://tcmsp-e.com/molecule.php?qn=3648
MOL003648,Inermin,Beta-2 adrenergic receptor,261,766,284.28,2.44,1,5,65.83,0.91,0.36,0.54,0.30,11.73,https://tcmsp-e.com/molecule.php?qn=3648
MOL003648,Inermin,Alpha-1D adrenergic receptor,272,789,284.28,2.44,1,5,65.83,0.91,0.36,0.54,0.30,11.73,https://tcmsp-e.com/molecule.php?qn=3648
MOL003648,Inermin,Sodium-dependent serotonin transporter,290,824,284.28,2.44,1,5,65.83,0.91,0.36,0.54,0.30,11.73,https://tcmsp-e.com/molecule.php?qn=3648
MOL003648,Inermin,Heat shock protein HSP 90,444,1939,284.28,2.44,1,5,65.83,0.91,0.36,0.54,0.30,11.73,https://tcmsp-e.com/molecule.php?qn=3648
MOL003648,Inermin,"Phosphatidylinositol-4,5-bisphosphate 3-kinase catalytic subunit, gamma isoform",491,2404,284.28,2.44,1,5,65.83,0.91,0.36,0.54,0.30,11.73,https://tcmsp-e.com/molecule.php?qn=3648
MOL003648,Inermin,"Neuronal acetylcholine receptor protein, alpha-7 chain",581,4095,284.28,2.44,1,5,65.83,0.91,0.36,0.54,0.30,11.73,https://tcmsp-e.com/molecule.php?qn=3648
MOL003648,Inermin,mRNA of PKA Catalytic Subunit C-alpha,699,6263,284.28,2.44,1,5,65.83,0.91,0.36,0.54,0.30,11.73,https://tcmsp-e.com/molecule.php?qn=3648
MOL003648,Inermin,Ig gamma-1 chain C region,1201,4785,284.28,2.44,1,5,65.83,0.91,0.36,0.54,0.30,11.73,https://tcmsp-e.com/molecule.php?qn=3648
MOL003648,Inermin,Trypsin-1,2928,3176,284.28,2.44,1,5,65.83,0.91,0.36,0.54,0.30,11.73,https://tcmsp-e.com/molecule.php?qn=3648
MOL003648,Inermin,Nuclear receptor coactivator 1,3279,6228,284.28,2.44,1,5,65.83,0.91,0.36,0.54,0.30,11.73,https://tcmsp-e.com/molecule.php?qn=3648
MOL003648,Inermin,Calmodulin,3907,465,284.28,2.44,1,5,65.83,0.91,0.36,0.54,0.30,11.73,https://tcmsp-e.com/molecule.php?qn=3648
MOL003673,Wighteone,"Nitric oxide synthase, inducible",3,7,338.38,3.92,3,5,42.8,0.64,-0.16,0.36,0.31,17.04,https://tcmsp-e.com/molecule.php?qn=3673
MOL003673,Wighteone,Thrombin,17,54,338.38,3.92,3,5,42.8,0.64,-0.16,0.36,0.31,17.04,https://tcmsp-e.com/molecule.php?qn=3673
MOL003673,Wighteone,Estrogen receptor,46,136,338.38,3.92,3,5,42.8,0.64,-0.16,0.36,0.31,17.04,https://tcmsp-e.com/molecule.php?qn=3673
MOL003673,Wighteone,Androgen receptor,48,146,338.38,3.92,3,5,42.8,0.64,-0.16,0.36,0.31,17.04,https://tcmsp-e.com/molecule.php?qn=3673
MOL003673,Wighteone,Sodium channel protein type 5 subunit alpha,70,220,338.38,3.92,3,5,42.8,0.64,-0.16,0.36,0.31,17.04,https://tcmsp-e.com/molecule.php?qn=3673
MOL003673,Wighteone,Peroxisome proliferator activated receptor gamma,78,238,338.38,3.92,3,5,42.8,0.64,-0.16,0.36,0.31,17.04,https://tcmsp-e.com/molecule.php?qn=3673
MOL003673,Wighteone,Coagulation factor Xa,79,239,338.38,3.92,3,5,42.8,0.64,-0.16,0.36,0.31,17.04,https://tcmsp-e.com/molecule.php?qn=3673
MOL003673,Wighteone,Prostaglandin G/H synthase 2,94,290,338.38,3.92,3,5,42.8,0.64,-0.16,0.36,0.31,17.04,https://tcmsp-e.com/molecule.php?qn=3673
MOL003673,Wighteone,Estrogen receptor beta,307,869,338.38,3.92,3,5,42.8,0.64,-0.16,0.36,0.31,17.04,https://tcmsp-e.com/molecule.php?qn=3673
MOL003673,Wighteone,Dipeptidyl peptidase IV,332,952,338.38,3.92,3,5,42.8,0.64,-0.16,0.36,0.31,17.04,https://tcmsp-e.com/molecule.php?qn=3673
MOL003673,Wighteone,Mitogen-activated protein kinase 14,402,1540,338.38,3.92,3,5,42.8,0.64,-0.16,0.36,0.31,17.04,https://tcmsp-e.com/molecule.php?qn=3673
MOL003673,Wighteone,Glycogen synthase kinase-3 beta,422,1721,338.38,3.92,3,5,42.8,0.64,-0.16,0.36,0.31,17.04,https://tcmsp-e.com/molecule.php?qn=3673
MOL003673,Wighteone,Cell division protein kinase 2,482,2240,338.38,3.92,3,5,42.8,0.64,-0.16,0.36,0.31,17.04,https://tcmsp-e.com/molecule.php?qn=3673
MOL003673,Wighteone,Serine/threonine-protein kinase Chk1,647,5790,338.38,3.92,3,5,42.8,0.64,-0.16,0.36,0.31,17.04,https://tcmsp-e.com/molecule.php?qn=3673
MOL003673,Wighteone,Trypsin-1,2928,3176,338.38,3.92,3,5,42.8,0.64,-0.16,0.36,0.31,17.04,https://tcmsp-e.com/molecule.php?qn=3673
MOL003673,Wighteone,Proto-oncogene serine/threonine-protein kinase Pim-1,2966,2347,338.38,3.92,3,5,42.8,0.64,-0.16,0.36,0.31,17.04,https://tcmsp-e.com/molecule.php?qn=3673
MOL003673,Wighteone,Cyclin-A2,3025,6235,338.38,3.92,3,5,42.8,0.64,-0.16,0.36,0.31,17.04,https://tcmsp-e.com/molecule.php?qn=3673
MOL003673,Wighteone,Calmodulin,3907,465,338.38,3.92,3,5,42.8,0.64,-0.16,0.36,0.31,17.04,https://tcmsp-e.com/molecule.php?qn=3673
MOL003673,Wighteone,DNA topoisomerase II,287,817,338.38,3.92,3,5,42.8,0.64,-0.16,0.36,0.31,17.04,https://tcmsp-e.com/molecule.php?qn=3673
MOL003676,Sophoramine,N/A,N/A,N/A,244.37,1.15,0,3,42.16,1.43,1.53,0.25,0.22,6.69,https://tcmsp-e.com/molecule.php?qn=3676
MOL003680,sophoridine,Tumor necrosis factor,265,777,248.41,1.42,0,3,60.07,1.13,1.14,0.25,0.18,5.57,https://tcmsp-e.com/molecule.php?qn=3680
MOL003680,sophoridine,Interleukin-6,351,1159,248.41,1.42,0,3,60.07,1.13,1.14,0.25,0.18,5.57,https://tcmsp-e.com/molecule.php?qn=3680
MOL000392,formononetin,"Nitric oxide synthase, inducible",3,7,268.28,2.58,1,4,69.67,0.78,0.02,0.21,0.00,17.04,https://tcmsp-e.com/molecule.php?qn=392
MOL000392,formononetin,Prostaglandin G/H synthase 1,6,20,268.28,2.58,1,4,69.67,0.78,0.02,0.21,0.00,17.04,https://tcmsp-e.com/molecule.php?qn=392
MOL000392,formononetin,Muscarinic acetylcholine receptor M1,38,103,268.28,2.58,1,4,69.67,0.78,0.02,0.21,0.00,17.04,https://tcmsp-e.com/molecule.php?qn=392
MOL000392,formononetin,Estrogen receptor,46,136,268.28,2.58,1,4,69.67,0.78,0.02,0.21,0.00,17.04,https://tcmsp-e.com/molecule.php?qn=392
MOL000392,formononetin,Androgen receptor,48,146,268.28,2.58,1,4,69.67,0.78,0.02,0.21,0.00,17.04,https://tcmsp-e.com/molecule.php?qn=392
MOL000392,formononetin,Peroxisome proliferator activated receptor gamma,78,238,268.28,2.58,1,4,69.67,0.78,0.02,0.21,0.00,17.04,https://tcmsp-e.com/molecule.php?qn=392
MOL000392,formononetin,Prostaglandin G/H synthase 2,94,290,268.28,2.58,1,4,69.67,0.78,0.02,0.21,0.00,17.04,https://tcmsp-e.com/molecule.php?qn=392
MOL000392,formononetin,Retinoic acid receptor RXR-alpha,158,459,268.28,2.58,1,4,69.67,0.78,0.02,0.21,0.00,17.04,https://tcmsp-e.com/molecule.php?qn=392
MOL000392,formononetin,"CGMP-inhibited 3',5'-cyclic phosphodiesterase A",172,485,268.28,2.58,1,4,69.67,0.78,0.02,0.21,0.00,17.04,https://tcmsp-e.com/molecule.php?qn=392
MOL000392,formononetin,Alpha-1A adrenergic receptor,191,556,268.28,2.58,1,4,69.67,0.78,0.02,0.21,0.00,17.04,https://tcmsp-e.com/molecule.php?qn=392
MOL000392,formononetin,Sodium-dependent dopamine transporter,239,713,268.28,2.58,1,4,69.67,0.78,0.02,0.21,0.00,17.04,https://tcmsp-e.com/molecule.php?qn=392
MOL000392,formononetin,Beta-2 adrenergic receptor,261,766,268.28,2.58,1,4,69.67,0.78,0.02,0.21,0.00,17.04,https://tcmsp-e.com/molecule.php?qn=392
MOL000392,formononetin,Sodium-dependent serotonin transporter,290,824,268.28,2.58,1,4,69.67,0.78,0.02,0.21,0.00,17.04,https://tcmsp-e.com/molecule.php?qn=392
MOL000392,formononetin,Estrogen receptor beta,307,869,268.28,2.58,1,4,69.67,0.78,0.02,0.21,0.00,17.04,https://tcmsp-e.com/molecule.php?qn=392
MOL000392,formononetin,Dipeptidyl peptidase IV,332,952,268.28,2.58,1,4,69.67,0.78,0.02,0.21,0.00,17.04,https://tcmsp-e.com/molecule.php?qn=392
MOL000392,formononetin,Mitogen-activated protein kinase 14,402,1540,268.28,2.58,1,4,69.67,0.78,0.02,0.21,0.00,17.04,https://tcmsp-e.com/molecule.php?qn=392
MOL000392,formononetin,Glycogen synthase kinase-3 beta,422,1721,268.28,2.58,1,4,69.67,0.78,0.02,0.21,0.00,17.04,https://tcmsp-e.com/molecule.php?qn=392
MOL000392,formononetin,Heat shock protein HSP 90,444,1939,268.28,2.58,1,4,69.67,0.78,0.02,0.21,0.00,17.04,https://tcmsp-e.com/molecule.php?qn=392
MOL000392,formononetin,Cell division protein kinase 2,482,2240,268.28,2.58,1,4,69.67,0.78,0.02,0.21,0.00,17.04,https://tcmsp-e.com/molecule.php?qn=392
MOL000392,formononetin,Amine oxidase [flavin-containing] B,565,3939,268.28,2.58,1,4,69.67,0.78,0.02,0.21,0.00,17.04,https://tcmsp-e.com/molecule.php?qn=392
MOL000392,formononetin,Serine/threonine-protein kinase Chk1,647,5790,268.28,2.58,1,4,69.67,0.78,0.02,0.21,0.00,17.04,https://tcmsp-e.com/molecule.php?qn=392
MOL000392,formononetin,mRNA of PKA Catalytic Subunit C-alpha,699,6263,268.28,2.58,1,4,69.67,0.78,0.02,0.21,0.00,17.04,https://tcmsp-e.com/molecule.php?qn=392
MOL000392,formononetin,Trypsin-1,2928,3176,268.28,2.58,1,4,69.67,0.78,0.02,0.21,0.00,17.04,https://tcmsp-e.com/molecule.php?qn=392
MOL000392,formononetin,Proto-oncogene serine/threonine-protein kinase Pim-1,2966,2347,268.28,2.58,1,4,69.67,0.78,0.02,0.21,0.00,17.04,https://tcmsp-e.com/molecule.php?qn=392
MOL000392,formononetin,Cyclin-A2,3025,6235,268.28,2.58,1,4,69.67,0.78,0.02,0.21,0.00,17.04,https://tcmsp-e.com/molecule.php?qn=392
MOL000392,formononetin,Calmodulin,3907,465,268.28,2.58,1,4,69.67,0.78,0.02,0.21,0.00,17.04,https://tcmsp-e.com/molecule.php?qn=392
MOL000392,formononetin,cAMP-dependent protein kinase inhibitor alpha,3586,6264,268.28,2.58,1,4,69.67,0.78,0.02,0.21,0.00,17.04,https://tcmsp-e.com/molecule.php?qn=392
MOL000392,formononetin,Thrombin,17,54,268.28,2.58,1,4,69.67,0.78,0.02,0.21,0.00,17.04,https://tcmsp-e.com/molecule.php?qn=392
MOL000392,formononetin,"Nitric-oxide synthase, endothelial",95,291,268.28,2.58,1,4,69.67,0.78,0.02,0.21,0.00,17.04,https://tcmsp-e.com/molecule.php?qn=392
MOL000392,formononetin,Acetylcholinesterase,165,474,268.28,2.58,1,4,69.67,0.78,0.02,0.21,0.00,17.04,https://tcmsp-e.com/molecule.php?qn=392
MOL000392,formononetin,Beta-lactamase,499,2478,268.28,2.58,1,4,69.67,0.78,0.02,0.21,0.00,17.04,https://tcmsp-e.com/molecule.php?qn=392
MOL000392,formononetin,Transcription factor AP-1,414,1629,268.28,2.58,1,4,69.67,0.78,0.02,0.21,0.00,17.04,https://tcmsp-e.com/molecule.php?qn=392
MOL000392,formononetin,Peroxisome proliferator-activated receptor gamma,4422,N/A,268.28,2.58,1,4,69.67,0.78,0.02,0.21,0.00,17.04,https://tcmsp-e.com/molecule.php?qn=392
MOL000392,formononetin,Interleukin-4,4301,N/A,268.28,2.58,1,4,69.67,0.78,0.02,0.21,0.00,17.04,https://tcmsp-e.com/molecule.php?qn=392
MOL000392,formononetin,NAD-dependent deacetylase sirtuin-1,4377,N/A,268.28,2.58,1,4,69.67,0.78,0.02,0.21,0.00,17.04,https://tcmsp-e.com/molecule.php?qn=392
MOL000392,formononetin,"ATP synthase subunit beta, mitochondrial",2916,6343,268.28,2.58,1,4,69.67,0.78,0.02,0.21,0.00,17.04,https://tcmsp-e.com/molecule.php?qn=392
MOL000392,formononetin,NADH-ubiquinone oxidoreductase chain 6,1245,384,268.28,2.58,1,4,69.67,0.78,0.02,0.21,0.00,17.04,https://tcmsp-e.com/molecule.php?qn=392
MOL000392,formononetin,3 beta-hydroxysteroid dehydrogenase/Delta 5-->4-isomerase type 2,3996,N/A,268.28,2.58,1,4,69.67,0.78,0.02,0.21,0.00,17.04,https://tcmsp-e.com/molecule.php?qn=392
MOL000392,formononetin,3 beta-hydroxysteroid dehydrogenase/Delta 5-->4-isomerase type 1,3995,N/A,268.28,2.58,1,4,69.67,0.78,0.02,0.21,0.00,17.04,https://tcmsp-e.com/molecule.php?qn=392
MOL004580,cis-Dihydroquercetin,Prostaglandin G/H synthase 1,6,20,304.27,1.49,5,7,66.44,-0.34,-1.11,0.27,0.40,14.51,https://tcmsp-e.com/molecule.php?qn=4580
MOL004580,cis-Dihydroquercetin,Prostaglandin G/H synthase 2,94,290,304.27,1.49,5,7,66.44,-0.34,-1.11,0.27,0.40,14.51,https://tcmsp-e.com/molecule.php?qn=4580
MOL004580,cis-Dihydroquercetin,Heat shock protein HSP 90,444,1939,304.27,1.49,5,7,66.44,-0.34,-1.11,0.27,0.40,14.51,https://tcmsp-e.com/molecule.php?qn=4580
MOL004580,cis-Dihydroquercetin,"Phosphatidylinositol-4,5-bisphosphate 3-kinase catalytic subunit, gamma isoform",491,2404,304.27,1.49,5,7,66.44,-0.34,-1.11,0.27,0.40,14.51,https://tcmsp-e.com/molecule.php?qn=4580
MOL004580,cis-Dihydroquercetin,Retinoic acid receptor RXR-alpha,158,459,304.27,1.49,5,7,66.44,-0.34,-1.11,0.27,0.40,14.51,https://tcmsp-e.com/molecule.php?qn=4580
MOL004580,cis-Dihydroquercetin,Aldose reductase,288,822,304.27,1.49,5,7,66.44,-0.34,-1.11,0.27,0.40,14.51,https://tcmsp-e.com/molecule.php?qn=4580
MOL004941,(2R)-7-hydroxy-2-(4-hydroxyphenyl)chroman-4-one,Prostaglandin G/H synthase 1,6,20,256.27,2.57,2,4,71.12,0.41,-0.25,0.18,0.00,18.09,https://tcmsp-e.com/molecule.php?qn=4941
MOL004941,(2R)-7-hydroxy-2-(4-hydroxyphenyl)chroman-4-one,Estrogen receptor,46,136,256.27,2.57,2,4,71.12,0.41,-0.25,0.18,0.00,18.09,https://tcmsp-e.com/molecule.php?qn=4941
MOL004941,(2R)-7-hydroxy-2-(4-hydroxyphenyl)chroman-4-one,Prostaglandin G/H synthase 2,94,290,256.27,2.57,2,4,71.12,0.41,-0.25,0.18,0.00,18.09,https://tcmsp-e.com/molecule.php?qn=4941
MOL004941,(2R)-7-hydroxy-2-(4-hydroxyphenyl)chroman-4-one,Retinoic acid receptor RXR-alpha,158,459,256.27,2.57,2,4,71.12,0.41,-0.25,0.18,0.00,18.09,https://tcmsp-e.com/molecule.php?qn=4941
MOL004941,(2R)-7-hydroxy-2-(4-hydroxyphenyl)chroman-4-one,"CGMP-inhibited 3',5'-cyclic phosphodiesterase A",172,485,256.27,2.57,2,4,71.12,0.41,-0.25,0.18,0.00,18.09,https://tcmsp-e.com/molecule.php?qn=4941
MOL004941,(2R)-7-hydroxy-2-(4-hydroxyphenyl)chroman-4-one,Beta-2 adrenergic receptor,261,766,256.27,2.57,2,4,71.12,0.41,-0.25,0.18,0.00,18.09,https://tcmsp-e.com/molecule.php?qn=4941
MOL004941,(2R)-7-hydroxy-2-(4-hydroxyphenyl)chroman-4-one,Heat shock protein HSP 90,444,1939,256.27,2.57,2,4,71.12,0.41,-0.25,0.18,0.00,18.09,https://tcmsp-e.com/molecule.php?qn=4941
MOL004941,(2R)-7-hydroxy-2-(4-hydroxyphenyl)chroman-4-one,"Phosphatidylinositol-4,5-bisphosphate 3-kinase catalytic subunit, gamma isoform",491,2404,256.27,2.57,2,4,71.12,0.41,-0.25,0.18,0.00,18.09,https://tcmsp-e.com/molecule.php?qn=4941
MOL004941,(2R)-7-hydroxy-2-(4-hydroxyphenyl)chroman-4-one,Beta-lactamase,499,2478,256.27,2.57,2,4,71.12,0.41,-0.25,0.18,0.00,18.09,https://tcmsp-e.com/molecule.php?qn=4941
MOL004941,(2R)-7-hydroxy-2-(4-hydroxyphenyl)chroman-4-one,Amine oxidase [flavin-containing] B,565,3939,256.27,2.57,2,4,71.12,0.41,-0.25,0.18,0.00,18.09,https://tcmsp-e.com/molecule.php?qn=4941
MOL004941,(2R)-7-hydroxy-2-(4-hydroxyphenyl)chroman-4-one,mRNA of PKA Catalytic Subunit C-alpha,699,6263,256.27,2.57,2,4,71.12,0.41,-0.25,0.18,0.00,18.09,https://tcmsp-e.com/molecule.php?qn=4941
MOL004941,(2R)-7-hydroxy-2-(4-hydroxyphenyl)chroman-4-one,cAMP-dependent protein kinase inhibitor alpha,3586,6264,256.27,2.57,2,4,71.12,0.41,-0.25,0.18,0.00,18.09,https://tcmsp-e.com/molecule.php?qn=4941
MOL004941,(2R)-7-hydroxy-2-(4-hydroxyphenyl)chroman-4-one,Calmodulin,3907,465,256.27,2.57,2,4,71.12,0.41,-0.25,0.18,0.00,18.09,https://tcmsp-e.com/molecule.php?qn=4941
MOL004941,(2R)-7-hydroxy-2-(4-hydroxyphenyl)chroman-4-one,Gamma-aminobutyric acid receptor subunit alpha-1,309,872,256.27,2.57,2,4,71.12,0.41,-0.25,0.18,0.00,18.09,https://tcmsp-e.com/molecule.php?qn=4941
MOL004941,(2R)-7-hydroxy-2-(4-hydroxyphenyl)chroman-4-one,Sodium-dependent serotonin transporter,290,824,256.27,2.57,2,4,71.12,0.41,-0.25,0.18,0.00,18.09,https://tcmsp-e.com/molecule.php?qn=4941
MOL005100,"5,7-dihydroxy-2-(3-hydroxy-4-methoxyphenyl)chroman-4-one",Prostaglandin G/H synthase 1,6,20,302.30,2.28,3,6,47.74,0.28,-0.30,0.27,0.31,16.51,https://tcmsp-e.com/molecule.php?qn=5100
MOL005100,"5,7-dihydroxy-2-(3-hydroxy-4-methoxyphenyl)chroman-4-one",Prostaglandin G/H synthase 2,94,290,302.30,2.28,3,6,47.74,0.28,-0.30,0.27,0.31,16.51,https://tcmsp-e.com/molecule.php?qn=5100
MOL005100,"5,7-dihydroxy-2-(3-hydroxy-4-methoxyphenyl)chroman-4-one",Heat shock protein HSP 90,444,1939,302.30,2.28,3,6,47.74,0.28,-0.30,0.27,0.31,16.51,https://tcmsp-e.com/molecule.php?qn=5100
MOL005100,"5,7-dihydroxy-2-(3-hydroxy-4-methoxyphenyl)chroman-4-one",mRNA of PKA Catalytic Subunit C-alpha,699,6263,302.30,2.28,3,6,47.74,0.28,-0.30,0.27,0.31,16.51,https://tcmsp-e.com/molecule.php?qn=5100
MOL005100,"5,7-dihydroxy-2-(3-hydroxy-4-methoxyphenyl)chroman-4-one",Calmodulin,3907,465,302.30,2.28,3,6,47.74,0.28,-0.30,0.27,0.31,16.51,https://tcmsp-e.com/molecule.php?qn=5100
MOL005100,"5,7-dihydroxy-2-(3-hydroxy-4-methoxyphenyl)chroman-4-one",Sodium channel protein type 5 subunit alpha,70,220,302.30,2.28,3,6,47.74,0.28,-0.30,0.27,0.31,16.51,https://tcmsp-e.com/molecule.php?qn=5100
MOL005100,"5,7-dihydroxy-2-(3-hydroxy-4-methoxyphenyl)chroman-4-one","Phosphatidylinositol-4,5-bisphosphate 3-kinase catalytic subunit, gamma isoform",491,2404,302.30,2.28,3,6,47.74,0.28,-0.30,0.27,0.31,16.51,https://tcmsp-e.com/molecule.php?qn=5100
MOL005100,"5,7-dihydroxy-2-(3-hydroxy-4-methoxyphenyl)chroman-4-one",Nuclear receptor coactivator 2,3276,6241,302.30,2.28,3,6,47.74,0.28,-0.30,0.27,0.31,16.51,https://tcmsp-e.com/molecule.php?qn=5100
MOL005100,"5,7-dihydroxy-2-(3-hydroxy-4-methoxyphenyl)chroman-4-one",Nuclear receptor coactivator 1,3279,6228,302.30,2.28,3,6,47.74,0.28,-0.30,0.27,0.31,16.51,https://tcmsp-e.com/molecule.php?qn=5100
MOL005100,"5,7-dihydroxy-2-(3-hydroxy-4-methoxyphenyl)chroman-4-one",DNA topoisomerase II,287,817,302.30,2.28,3,6,47.74,0.28,-0.30,0.27,0.31,16.51,https://tcmsp-e.com/molecule.php?qn=5100
MOL005944,matrine,Transcription factor p65,4565,N/A,248.41,1.42,0,3,63.77,1.39,1.52,0.25,0.00,6.69,https://tcmsp-e.com/molecule.php?qn=5944
MOL005944,matrine,72 kDa type IV collagenase,238,707,248.41,1.42,0,3,63.77,1.39,1.52,0.25,0.00,6.69,https://tcmsp-e.com/molecule.php?qn=5944
MOL005944,matrine,Tumor necrosis factor,265,777,248.41,1.42,0,3,63.77,1.39,1.52,0.25,0.00,6.69,https://tcmsp-e.com/molecule.php?qn=5944
MOL005944,matrine,Interleukin-6,351,1159,248.41,1.42,0,3,63.77,1.39,1.52,0.25,0.00,6.69,https://tcmsp-e.com/molecule.php?qn=5944
MOL005944,matrine,Caspase-3,4087,N/A,248.41,1.42,0,3,63.77,1.39,1.52,0.25,0.00,6.69,https://tcmsp-e.com/molecule.php?qn=5944
MOL005944,matrine,Myc proto-oncogene protein,4372,N/A,248.41,1.42,0,3,63.77,1.39,1.52,0.25,0.00,6.69,https://tcmsp-e.com/molecule.php?qn=5944
MOL005944,matrine,Intercellular adhesion molecule 1,4287,N/A,248.41,1.42,0,3,63.77,1.39,1.52,0.25,0.00,6.69,https://tcmsp-e.com/molecule.php?qn=5944
MOL005944,matrine,Heparanase,4250,N/A,248.41,1.42,0,3,63.77,1.39,1.52,0.25,0.00,6.69,https://tcmsp-e.com/molecule.php?qn=5944
MOL005944,matrine,Immediate early response 3-interacting protein 1,4266,N/A,248.41,1.42,0,3,63.77,1.39,1.52,0.25,0.00,6.69,https://tcmsp-e.com/molecule.php?qn=5944
MOL005944,matrine,CD44 antigen,4108,N/A,248.41,1.42,0,3,63.77,1.39,1.52,0.25,0.00,6.69,https://tcmsp-e.com/molecule.php?qn=5944
MOL000006,luteolin,Prostaglandin G/H synthase 1,6,20,286.25,2.07,4,6,36.16,0.19,-0.84,0.25,0.39,15.94,https://tcmsp-e.com/molecule.php?qn=6
MOL000006,luteolin,Androgen receptor,48,146,286.25,2.07,4,6,36.16,0.19,-0.84,0.25,0.39,15.94,https://tcmsp-e.com/molecule.php?qn=6
MOL000006,luteolin,Prostaglandin G/H synthase 2,94,290,286.25,2.07,4,6,36.16,0.19,-0.84,0.25,0.39,15.94,https://tcmsp-e.com/molecule.php?qn=6
MOL000006,luteolin,Heat shock protein HSP 90,444,1939,286.25,2.07,4,6,36.16,0.19,-0.84,0.25,0.39,15.94,https://tcmsp-e.com/molecule.php?qn=6
MOL000006,luteolin,Trypsin-1,2928,3176,286.25,2.07,4,6,36.16,0.19,-0.84,0.25,0.39,15.94,https://tcmsp-e.com/molecule.php?qn=6
MOL000006,luteolin,Nuclear receptor coactivator 2,3276,6241,286.25,2.07,4,6,36.16,0.19,-0.84,0.25,0.39,15.94,https://tcmsp-e.com/molecule.php?qn=6
MOL000006,luteolin,mRNA of PKA Catalytic Subunit C-alpha,699,6263,286.25,2.07,4,6,36.16,0.19,-0.84,0.25,0.39,15.94,https://tcmsp-e.com/molecule.php?qn=6
MOL000006,luteolin,Dipeptidyl peptidase IV,332,952,286.25,2.07,4,6,36.16,0.19,-0.84,0.25,0.39,15.94,https://tcmsp-e.com/molecule.php?qn=6
MOL000006,luteolin,"Phosphatidylinositol-4,5-bisphosphate 3-kinase catalytic subunit, gamma isoform",491,2404,286.25,2.07,4,6,36.16,0.19,-0.84,0.25,0.39,15.94,https://tcmsp-e.com/molecule.php?qn=6
MOL000006,luteolin,Transcription factor p65,4565,N/A,286.25,2.07,4,6,36.16,0.19,-0.84,0.25,0.39,15.94,https://tcmsp-e.com/molecule.php?qn=6
MOL000006,luteolin,Epidermal growth factor receptor,298,844,286.25,2.07,4,6,36.16,0.19,-0.84,0.25,0.39,15.94,https://tcmsp-e.com/molecule.php?qn=6
MOL000006,luteolin,RAC-alpha serine/threonine-protein kinase,4490,N/A,286.25,2.07,4,6,36.16,0.19,-0.84,0.25,0.39,15.94,https://tcmsp-e.com/molecule.php?qn=6
MOL000006,luteolin,Vascular endothelial growth factor A,740,183,286.25,2.07,4,6,36.16,0.19,-0.84,0.25,0.39,15.94,https://tcmsp-e.com/molecule.php?qn=6
MOL000006,luteolin,G1/S-specific cyclin-D1,4214,N/A,286.25,2.07,4,6,36.16,0.19,-0.84,0.25,0.39,15.94,https://tcmsp-e.com/molecule.php?qn=6
MOL000006,luteolin,Bcl-2-like protein 1,4054,N/A,286.25,2.07,4,6,36.16,0.19,-0.84,0.25,0.39,15.94,https://tcmsp-e.com/molecule.php?qn=6
MOL000006,luteolin,Cyclin-dependent kinase inhibitor 1,4141,N/A,286.25,2.07,4,6,36.16,0.19,-0.84,0.25,0.39,15.94,https://tcmsp-e.com/molecule.php?qn=6
MOL000006,luteolin,Caspase-9,4090,N/A,286.25,2.07,4,6,36.16,0.19,-0.84,0.25,0.39,15.94,https://tcmsp-e.com/molecule.php?qn=6
MOL000006,luteolin,72 kDa type IV collagenase,238,707,286.25,2.07,4,6,36.16,0.19,-0.84,0.25,0.39,15.94,https://tcmsp-e.com/molecule.php?qn=6
MOL000006,luteolin,Matrix metalloproteinase-9,4334,N/A,286.25,2.07,4,6,36.16,0.19,-0.84,0.25,0.39,15.94,https://tcmsp-e.com/molecule.php?qn=6
MOL000006,luteolin,Mitogen-activated protein kinase 1,354,1176,286.25,2.07,4,6,36.16,0.19,-0.84,0.25,0.39,15.94,https://tcmsp-e.com/molecule.php?qn=6
MOL000006,luteolin,Interleukin-10,4292,N/A,286.25,2.07,4,6,36.16,0.19,-0.84,0.25,0.39,15.94,https://tcmsp-e.com/molecule.php?qn=6
MOL000006,luteolin,Retinoblastoma-associated protein,2915,3846,286.25,2.07,4,6,36.16,0.19,-0.84,0.25,0.39,15.94,https://tcmsp-e.com/molecule.php?qn=6
MOL000006,luteolin,Cell division protein kinase 4,573,3959,286.25,2.07,4,6,36.16,0.19,-0.84,0.25,0.39,15.94,https://tcmsp-e.com/molecule.php?qn=6
MOL000006,luteolin,Tumor necrosis factor,265,777,286.25,2.07,4,6,36.16,0.19,-0.84,0.25,0.39,15.94,https://tcmsp-e.com/molecule.php?qn=6
MOL000006,luteolin,Transcription factor AP-1,414,1629,286.25,2.07,4,6,36.16,0.19,-0.84,0.25,0.39,15.94,https://tcmsp-e.com/molecule.php?qn=6
MOL000006,luteolin,Interleukin-6,351,1159,286.25,2.07,4,6,36.16,0.19,-0.84,0.25,0.39,15.94,https://tcmsp-e.com/molecule.php?qn=6
MOL000006,luteolin,Caspase-3,4087,N/A,286.25,2.07,4,6,36.16,0.19,-0.84,0.25,0.39,15.94,https://tcmsp-e.com/molecule.php?qn=6
MOL000006,luteolin,Cellular tumor antigen p53,646,5788,286.25,2.07,4,6,36.16,0.19,-0.84,0.25,0.39,15.94,https://tcmsp-e.com/molecule.php?qn=6
MOL000006,luteolin,NF-kappa-B inhibitor alpha,4394,N/A,286.25,2.07,4,6,36.16,0.19,-0.84,0.25,0.39,15.94,https://tcmsp-e.com/molecule.php?qn=6
MOL000006,luteolin,Xanthine dehydrogenase/oxidase,568,3947,286.25,2.07,4,6,36.16,0.19,-0.84,0.25,0.39,15.94,https://tcmsp-e.com/molecule.php?qn=6
MOL000006,luteolin,DNA topoisomerase 1,1293,3552,286.25,2.07,4,6,36.16,0.19,-0.84,0.25,0.39,15.94,https://tcmsp-e.com/molecule.php?qn=6
MOL000006,luteolin,E3 ubiquitin-protein ligase Mdm2,4179,N/A,286.25,2.07,4,6,36.16,0.19,-0.84,0.25,0.39,15.94,https://tcmsp-e.com/molecule.php?qn=6
MOL000006,luteolin,Amyloid beta A4 protein,648,5800,286.25,2.07,4,6,36.16,0.19,-0.84,0.25,0.39,15.94,https://tcmsp-e.com/molecule.php?qn=6
MOL000006,luteolin,Interstitial collagenase,353,1167,286.25,2.07,4,6,36.16,0.19,-0.84,0.25,0.39,15.94,https://tcmsp-e.com/molecule.php?qn=6
MOL000006,luteolin,Proliferating cell nuclear antigen,4450,N/A,286.25,2.07,4,6,36.16,0.19,-0.84,0.25,0.39,15.94,https://tcmsp-e.com/molecule.php?qn=6
MOL000006,luteolin,Receptor tyrosine-protein kinase erbB-2,4496,N/A,286.25,2.07,4,6,36.16,0.19,-0.84,0.25,0.39,15.94,https://tcmsp-e.com/molecule.php?qn=6
MOL000006,luteolin,Peroxisome proliferator-activated receptor gamma,4422,N/A,286.25,2.07,4,6,36.16,0.19,-0.84,0.25,0.39,15.94,https://tcmsp-e.com/molecule.php?qn=6
MOL000006,luteolin,Heme oxygenase 1,2132,3391,286.25,2.07,4,6,36.16,0.19,-0.84,0.25,0.39,15.94,https://tcmsp-e.com/molecule.php?qn=6
MOL000006,luteolin,Caspase-7,3575,3320,286.25,2.07,4,6,36.16,0.19,-0.84,0.25,0.39,15.94,https://tcmsp-e.com/molecule.php?qn=6
MOL000006,luteolin,Intercellular adhesion molecule 1,4287,N/A,286.25,2.07,4,6,36.16,0.19,-0.84,0.25,0.39,15.94,https://tcmsp-e.com/molecule.php?qn=6
MOL000006,luteolin,Induced myeloid leukemia cell differentiation protein Mcl-1,4269,N/A,286.25,2.07,4,6,36.16,0.19,-0.84,0.25,0.39,15.94,https://tcmsp-e.com/molecule.php?qn=6
MOL000006,luteolin,Baculoviral IAP repeat-containing protein 5,4044,N/A,286.25,2.07,4,6,36.16,0.19,-0.84,0.25,0.39,15.94,https://tcmsp-e.com/molecule.php?qn=6
MOL000006,luteolin,Interleukin-2,3978,1575,286.25,2.07,4,6,36.16,0.19,-0.84,0.25,0.39,15.94,https://tcmsp-e.com/molecule.php?qn=6
MOL000006,luteolin,G2/mitotic-specific cyclin-B1,4219,N/A,286.25,2.07,4,6,36.16,0.19,-0.84,0.25,0.39,15.94,https://tcmsp-e.com/molecule.php?qn=6
MOL000006,luteolin,Tyrosinase,4590,N/A,286.25,2.07,4,6,36.16,0.19,-0.84,0.25,0.39,15.94,https://tcmsp-e.com/molecule.php?qn=6
MOL000006,luteolin,Interferon gamma,365,1253,286.25,2.07,4,6,36.16,0.19,-0.84,0.25,0.39,15.94,https://tcmsp-e.com/molecule.php?qn=6
MOL000006,luteolin,Interleukin-4,4301,N/A,286.25,2.07,4,6,36.16,0.19,-0.84,0.25,0.39,15.94,https://tcmsp-e.com/molecule.php?qn=6
MOL000006,luteolin,DNA topoisomerase 2-alpha,4172,N/A,286.25,2.07,4,6,36.16,0.19,-0.84,0.25,0.39,15.94,https://tcmsp-e.com/molecule.php?qn=6
MOL000006,luteolin,Glutathione S-transferase P,733,904,286.25,2.07,4,6,36.16,0.19,-0.84,0.25,0.39,15.94,https://tcmsp-e.com/molecule.php?qn=6
MOL000006,luteolin,Baculoviral IAP repeat-containing protein 4,4043,N/A,286.25,2.07,4,6,36.16,0.19,-0.84,0.25,0.39,15.94,https://tcmsp-e.com/molecule.php?qn=6
MOL000006,luteolin,"Solute carrier family 2, facilitated glucose transporter member 4",4535,N/A,286.25,2.07,4,6,36.16,0.19,-0.84,0.25,0.39,15.94,https://tcmsp-e.com/molecule.php?qn=6
MOL000006,luteolin,Insulin receptor,11,36,286.25,2.07,4,6,36.16,0.19,-0.84,0.25,0.39,15.94,https://tcmsp-e.com/molecule.php?qn=6
MOL000006,luteolin,CD40 ligand,4107,N/A,286.25,2.07,4,6,36.16,0.19,-0.84,0.25,0.39,15.94,https://tcmsp-e.com/molecule.php?qn=6
MOL000006,luteolin,Prostaglandin E synthase,4456,N/A,286.25,2.07,4,6,36.16,0.19,-0.84,0.25,0.39,15.94,https://tcmsp-e.com/molecule.php?qn=6
MOL000006,luteolin,Kinetochore protein Nuf2,4311,N/A,286.25,2.07,4,6,36.16,0.19,-0.84,0.25,0.39,15.94,https://tcmsp-e.com/molecule.php?qn=6
MOL000006,luteolin,Adenylate cyclase type 2,4015,N/A,286.25,2.07,4,6,36.16,0.19,-0.84,0.25,0.39,15.94,https://tcmsp-e.com/molecule.php?qn=6
MOL000006,luteolin,Hepatocyte growth factor receptor,349,1144,286.25,2.07,4,6,36.16,0.19,-0.84,0.25,0.39,15.94,https://tcmsp-e.com/molecule.php?qn=6
MOL006561,(+)-14alpha-hydroxymatrine,N/A,N/A,N/A,264.41,0.74,1,4,35.73,0.53,0.48,0.29,0.21,3.01,https://tcmsp-e.com/molecule.php?qn=6561
MOL006562,"(+)-7,11-dehydromatrine,(leontalbinine)",N/A,N/A,N/A,246.39,1.42,0,3,62.08,1.06,1.12,0.25,0.16,6.46,https://tcmsp-e.com/molecule.php?qn=6562
MOL006563,(+)-9alpha-hydroxymatrine,N/A,N/A,N/A,264.41,0.45,1,4,32.04,0.61,0.15,0.29,0.19,4.55,https://tcmsp-e.com/molecule.php?qn=6563
MOL006564,(+)-allomatrine,N/A,N/A,N/A,248.41,1.42,0,3,58.87,1.08,1.13,0.25,0.18,5.49,https://tcmsp-e.com/molecule.php?qn=6564
MOL006565,AIDS211310,N/A,N/A,N/A,248.41,1.42,0,3,68.68,1.15,1.38,0.25,0.17,6.15,https://tcmsp-e.com/molecule.php?qn=6565
MOL006566,(+)-lehmannine,N/A,N/A,N/A,246.39,1.11,0,3,58.34,1.21,1.36,0.25,0.21,6.57,https://tcmsp-e.com/molecule.php?qn=6566
MOL006568,isosophocarpine,N/A,N/A,N/A,246.39,1.39,0,3,61.57,1.39,1.45,0.25,0.24,5.90,https://tcmsp-e.com/molecule.php?qn=6568
MOL006569,(-)-14beta-hydroxymatrine,N/A,N/A,N/A,264.41,0.74,1,4,37.26,0.77,0.77,0.29,0.21,3.09,https://tcmsp-e.com/molecule.php?qn=6569
MOL006570,(-)-9alpha-hydroxysophoramine,N/A,N/A,N/A,262.39,0.43,1,4,35.23,0.38,-0.12,0.29,0.25,4.28,https://tcmsp-e.com/molecule.php?qn=6570
MOL006571,anagyrine,N/A,N/A,N/A,244.37,1.15,0,3,62.01,1.16,1.13,0.24,0.00,4.74,https://tcmsp-e.com/molecule.php?qn=6571
MOL006572,"1,4-diazaindan-type,alkaloid,flavascensine",N/A,N/A,N/A,348.64,5.40,2,3,34.64,1.13,0.82,0.24,0.23,5.62,https://tcmsp-e.com/molecule.php?qn=6572
MOL006573,"13,14-dehydrosophoridine",N/A,N/A,N/A,246.39,1.39,0,3,65.34,1.06,1.11,0.25,0.24,6.24,https://tcmsp-e.com/molecule.php?qn=6573
MOL006582,"5α,9α-dihydroxymatrine",N/A,N/A,N/A,280.41,-0.30,2,5,40.93,0.04,-0.43,0.32,0.20,4.59,https://tcmsp-e.com/molecule.php?qn=6582
MOL006583,"7,11-dehydromatrine",N/A,N/A,N/A,246.39,1.42,0,3,44.43,1.11,1.13,0.25,0.16,5.22,https://tcmsp-e.com/molecule.php?qn=6583
MOL006596,Glyceollin,"Nitric oxide synthase, inducible",3,7,338.38,2.85,2,5,97.27,0.53,-0.19,0.76,0.35,6.24,https://tcmsp-e.com/molecule.php?qn=6596
MOL006596,Glyceollin,Prostaglandin G/H synthase 1,6,20,338.38,2.85,2,5,97.27,0.53,-0.19,0.76,0.35,6.24,https://tcmsp-e.com/molecule.php?qn=6596
MOL006596,Glyceollin,Estrogen receptor,46,136,338.38,2.85,2,5,97.27,0.53,-0.19,0.76,0.35,6.24,https://tcmsp-e.com/molecule.php?qn=6596
MOL006596,Glyceollin,Sodium channel protein type 5 subunit alpha,70,220,338.38,2.85,2,5,97.27,0.53,-0.19,0.76,0.35,6.24,https://tcmsp-e.com/molecule.php?qn=6596
MOL006596,Glyceollin,Coagulation factor Xa,79,239,338.38,2.85,2,5,97.27,0.53,-0.19,0.76,0.35,6.24,https://tcmsp-e.com/molecule.php?qn=6596
MOL006596,Glyceollin,Prostaglandin G/H synthase 2,94,290,338.38,2.85,2,5,97.27,0.53,-0.19,0.76,0.35,6.24,https://tcmsp-e.com/molecule.php?qn=6596
MOL006596,Glyceollin,DNA topoisomerase II,287,817,338.38,2.85,2,5,97.27,0.53,-0.19,0.76,0.35,6.24,https://tcmsp-e.com/molecule.php?qn=6596
MOL006596,Glyceollin,Estrogen receptor beta,307,869,338.38,2.85,2,5,97.27,0.53,-0.19,0.76,0.35,6.24,https://tcmsp-e.com/molecule.php?qn=6596
MOL006596,Glyceollin,Glycogen synthase kinase-3 beta,422,1721,338.38,2.85,2,5,97.27,0.53,-0.19,0.76,0.35,6.24,https://tcmsp-e.com/molecule.php?qn=6596
MOL006596,Glyceollin,Cell division protein kinase 2,482,2240,338.38,2.85,2,5,97.27,0.53,-0.19,0.76,0.35,6.24,https://tcmsp-e.com/molecule.php?qn=6596
MOL006596,Glyceollin,Trypsin-1,2928,3176,338.38,2.85,2,5,97.27,0.53,-0.19,0.76,0.35,6.24,https://tcmsp-e.com/molecule.php?qn=6596
MOL006596,Glyceollin,Proto-oncogene serine/threonine-protein kinase Pim-1,2966,2347,338.38,2.85,2,5,97.27,0.53,-0.19,0.76,0.35,6.24,https://tcmsp-e.com/molecule.php?qn=6596
MOL006596,Glyceollin,Cyclin-A2,3025,6235,338.38,2.85,2,5,97.27,0.53,-0.19,0.76,0.35,6.24,https://tcmsp-e.com/molecule.php?qn=6596
MOL006596,Glyceollin,Nuclear receptor coactivator 2,3276,6241,338.38,2.85,2,5,97.27,0.53,-0.19,0.76,0.35,6.24,https://tcmsp-e.com/molecule.php?qn=6596
MOL006596,Glyceollin,Nuclear receptor coactivator 1,3279,6228,338.38,2.85,2,5,97.27,0.53,-0.19,0.76,0.35,6.24,https://tcmsp-e.com/molecule.php?qn=6596
MOL006596,Glyceollin,Calcium-activated potassium channel subunit alpha 1,3727,610,338.38,2.85,2,5,97.27,0.53,-0.19,0.76,0.35,6.24,https://tcmsp-e.com/molecule.php?qn=6596
MOL006596,Glyceollin,Calmodulin,3907,465,338.38,2.85,2,5,97.27,0.53,-0.19,0.76,0.35,6.24,https://tcmsp-e.com/molecule.php?qn=6596
MOL003347,hyperforin,Cytochrome P450 3A4,621,4512,536.87,8.62,1,4,44.03,0.87,0.40,0.6,0.00,2.15,https://tcmsp-e.com/molecule.php?qn=3347
MOL003347,hyperforin,Intercellular adhesion molecule 1,4287,N/A,536.87,8.62,1,4,44.03,0.87,0.40,0.6,0.00,2.15,https://tcmsp-e.com/molecule.php?qn=3347
MOL003347,hyperforin,Interleukin-8,4303,N/A,536.87,8.62,1,4,44.03,0.87,0.40,0.6,0.00,2.15,https://tcmsp-e.com/molecule.php?qn=3347
MOL003347,hyperforin,Nuclear receptor subfamily 1 group I member 2,4403,N/A,536.87,8.62,1,4,44.03,0.87,0.40,0.6,0.00,2.15,https://tcmsp-e.com/molecule.php?qn=3347
MOL006604,(2S)-7-hydroxy-2-(4-hydroxyphenyl)-5-methoxy-8-(3-methylbut-2-enyl)chroman-4-one,"Nitric oxide synthase, inducible",3,7,354.43,4.41,2,5,48.09,0.80,-.00,0.39,0.30,15.54,https://tcmsp-e.com/molecule.php?qn=6604
MOL006604,(2S)-7-hydroxy-2-(4-hydroxyphenyl)-5-methoxy-8-(3-methylbut-2-enyl)chroman-4-one,Potassium voltage-gated channel subfamily H member 2,37,101,354.43,4.41,2,5,48.09,0.80,-.00,0.39,0.30,15.54,https://tcmsp-e.com/molecule.php?qn=6604
MOL006604,(2S)-7-hydroxy-2-(4-hydroxyphenyl)-5-methoxy-8-(3-methylbut-2-enyl)chroman-4-one,Estrogen receptor,46,136,354.43,4.41,2,5,48.09,0.80,-.00,0.39,0.30,15.54,https://tcmsp-e.com/molecule.php?qn=6604
MOL006604,(2S)-7-hydroxy-2-(4-hydroxyphenyl)-5-methoxy-8-(3-methylbut-2-enyl)chroman-4-one,Sodium channel protein type 5 subunit alpha,70,220,354.43,4.41,2,5,48.09,0.80,-.00,0.39,0.30,15.54,https://tcmsp-e.com/molecule.php?qn=6604
MOL006604,(2S)-7-hydroxy-2-(4-hydroxyphenyl)-5-methoxy-8-(3-methylbut-2-enyl)chroman-4-one,Coagulation factor Xa,79,239,354.43,4.41,2,5,48.09,0.80,-.00,0.39,0.30,15.54,https://tcmsp-e.com/molecule.php?qn=6604
MOL006604,(2S)-7-hydroxy-2-(4-hydroxyphenyl)-5-methoxy-8-(3-methylbut-2-enyl)chroman-4-one,Prostaglandin G/H synthase 2,94,290,354.43,4.41,2,5,48.09,0.80,-.00,0.39,0.30,15.54,https://tcmsp-e.com/molecule.php?qn=6604
MOL006604,(2S)-7-hydroxy-2-(4-hydroxyphenyl)-5-methoxy-8-(3-methylbut-2-enyl)chroman-4-one,"Nitric-oxide synthase, endothelial",95,291,354.43,4.41,2,5,48.09,0.80,-.00,0.39,0.30,15.54,https://tcmsp-e.com/molecule.php?qn=6604
MOL006604,(2S)-7-hydroxy-2-(4-hydroxyphenyl)-5-methoxy-8-(3-methylbut-2-enyl)chroman-4-one,Vascular endothelial growth factor receptor 2,139,407,354.43,4.41,2,5,48.09,0.80,-.00,0.39,0.30,15.54,https://tcmsp-e.com/molecule.php?qn=6604
MOL006604,(2S)-7-hydroxy-2-(4-hydroxyphenyl)-5-methoxy-8-(3-methylbut-2-enyl)chroman-4-one,Alpha-1B adrenergic receptor,216,632,354.43,4.41,2,5,48.09,0.80,-.00,0.39,0.30,15.54,https://tcmsp-e.com/molecule.php?qn=6604
MOL006604,(2S)-7-hydroxy-2-(4-hydroxyphenyl)-5-methoxy-8-(3-methylbut-2-enyl)chroman-4-one,DNA topoisomerase II,287,817,354.43,4.41,2,5,48.09,0.80,-.00,0.39,0.30,15.54,https://tcmsp-e.com/molecule.php?qn=6604
MOL006604,(2S)-7-hydroxy-2-(4-hydroxyphenyl)-5-methoxy-8-(3-methylbut-2-enyl)chroman-4-one,Heat shock protein HSP 90,444,1939,354.43,4.41,2,5,48.09,0.80,-.00,0.39,0.30,15.54,https://tcmsp-e.com/molecule.php?qn=6604
MOL006604,(2S)-7-hydroxy-2-(4-hydroxyphenyl)-5-methoxy-8-(3-methylbut-2-enyl)chroman-4-one,Nuclear receptor coactivator 2,3276,6241,354.43,4.41,2,5,48.09,0.80,-.00,0.39,0.30,15.54,https://tcmsp-e.com/molecule.php?qn=6604
MOL006604,(2S)-7-hydroxy-2-(4-hydroxyphenyl)-5-methoxy-8-(3-methylbut-2-enyl)chroman-4-one,Nuclear receptor coactivator 1,3279,6228,354.43,4.41,2,5,48.09,0.80,-.00,0.39,0.30,15.54,https://tcmsp-e.com/molecule.php?qn=6604
MOL006604,(2S)-7-hydroxy-2-(4-hydroxyphenyl)-5-methoxy-8-(3-methylbut-2-enyl)chroman-4-one,Calmodulin,3907,465,354.43,4.41,2,5,48.09,0.80,-.00,0.39,0.30,15.54,https://tcmsp-e.com/molecule.php?qn=6604
MOL006613,kushenin,"Nitric oxide synthase, inducible",3,7,286.30,2.39,2,5,47.62,0.71,0.35,0.38,0.27,8.86,https://tcmsp-e.com/molecule.php?qn=6613
MOL006613,kushenin,Prostaglandin G/H synthase 1,6,20,286.30,2.39,2,5,47.62,0.71,0.35,0.38,0.27,8.86,https://tcmsp-e.com/molecule.php?qn=6613
MOL006613,kushenin,Estrogen receptor,46,136,286.30,2.39,2,5,47.62,0.71,0.35,0.38,0.27,8.86,https://tcmsp-e.com/molecule.php?qn=6613
MOL006613,kushenin,Sodium channel protein type 5 subunit alpha,70,220,286.30,2.39,2,5,47.62,0.71,0.35,0.38,0.27,8.86,https://tcmsp-e.com/molecule.php?qn=6613
MOL006613,kushenin,Prostaglandin G/H synthase 2,94,290,286.30,2.39,2,5,47.62,0.71,0.35,0.38,0.27,8.86,https://tcmsp-e.com/molecule.php?qn=6613
MOL006613,kushenin,Retinoic acid receptor RXR-alpha,158,459,286.30,2.39,2,5,47.62,0.71,0.35,0.38,0.27,8.86,https://tcmsp-e.com/molecule.php?qn=6613
MOL006613,kushenin,Beta-2 adrenergic receptor,261,766,286.30,2.39,2,5,47.62,0.71,0.35,0.38,0.27,8.86,https://tcmsp-e.com/molecule.php?qn=6613
MOL006613,kushenin,Estrogen receptor beta,307,869,286.30,2.39,2,5,47.62,0.71,0.35,0.38,0.27,8.86,https://tcmsp-e.com/molecule.php?qn=6613
MOL006613,kushenin,Dipeptidyl peptidase IV,332,952,286.30,2.39,2,5,47.62,0.71,0.35,0.38,0.27,8.86,https://tcmsp-e.com/molecule.php?qn=6613
MOL006613,kushenin,Heat shock protein HSP 90,444,1939,286.30,2.39,2,5,47.62,0.71,0.35,0.38,0.27,8.86,https://tcmsp-e.com/molecule.php?qn=6613
MOL006613,kushenin,"Phosphatidylinositol-4,5-bisphosphate 3-kinase catalytic subunit, gamma isoform",491,2404,286.30,2.39,2,5,47.62,0.71,0.35,0.38,0.27,8.86,https://tcmsp-e.com/molecule.php?qn=6613
MOL006613,kushenin,mRNA of PKA Catalytic Subunit C-alpha,699,6263,286.30,2.39,2,5,47.62,0.71,0.35,0.38,0.27,8.86,https://tcmsp-e.com/molecule.php?qn=6613
MOL006613,kushenin,Trypsin-1,2928,3176,286.30,2.39,2,5,47.62,0.71,0.35,0.38,0.27,8.86,https://tcmsp-e.com/molecule.php?qn=6613
MOL006613,kushenin,Nuclear receptor coactivator 1,3279,6228,286.30,2.39,2,5,47.62,0.71,0.35,0.38,0.27,8.86,https://tcmsp-e.com/molecule.php?qn=6613
MOL006613,kushenin,Calmodulin,3907,465,286.30,2.39,2,5,47.62,0.71,0.35,0.38,0.27,8.86,https://tcmsp-e.com/molecule.php?qn=6613
MOL006619,kushenol J,N/A,N/A,N/A,580.59,-0.87,7,14,51.39,-2.20,-3.12,0.74,0.31,13.81,https://tcmsp-e.com/molecule.php?qn=6619
MOL006620,kushenol J_qt,Prostaglandin G/H synthase 1,6,20,286.30,2.27,2,5,50.86,0.24,-0.27,0.24,0.37,15.78,https://tcmsp-e.com/molecule.php?qn=6620
MOL006620,kushenol J_qt,Sodium channel protein type 5 subunit alpha,70,220,286.30,2.27,2,5,50.86,0.24,-0.27,0.24,0.37,15.78,https://tcmsp-e.com/molecule.php?qn=6620
MOL006620,kushenol J_qt,Prostaglandin G/H synthase 2,94,290,286.30,2.27,2,5,50.86,0.24,-0.27,0.24,0.37,15.78,https://tcmsp-e.com/molecule.php?qn=6620
MOL006620,kushenol J_qt,Retinoic acid receptor RXR-alpha,158,459,286.30,2.27,2,5,50.86,0.24,-0.27,0.24,0.37,15.78,https://tcmsp-e.com/molecule.php?qn=6620
MOL006620,kushenol J_qt,Beta-2 adrenergic receptor,261,766,286.30,2.27,2,5,50.86,0.24,-0.27,0.24,0.37,15.78,https://tcmsp-e.com/molecule.php?qn=6620
MOL006620,kushenol J_qt,Heat shock protein HSP 90,444,1939,286.30,2.27,2,5,50.86,0.24,-0.27,0.24,0.37,15.78,https://tcmsp-e.com/molecule.php?qn=6620
MOL006620,kushenol J_qt,mRNA of PKA Catalytic Subunit C-alpha,699,6263,286.30,2.27,2,5,50.86,0.24,-0.27,0.24,0.37,15.78,https://tcmsp-e.com/molecule.php?qn=6620
MOL006620,kushenol J_qt,Calmodulin,3907,465,286.30,2.27,2,5,50.86,0.24,-0.27,0.24,0.37,15.78,https://tcmsp-e.com/molecule.php?qn=6620
MOL006622,kushenol O,N/A,N/A,N/A,562.57,-0.56,6,13,42.41,-1.67,-2.25,0.76,0.29,15.73,https://tcmsp-e.com/molecule.php?qn=6622
MOL006623,"kushenol,t",Coagulation factor Xa,79,239,442.55,4.46,5,7,51.28,-0.05,-0.95,0.64,0.35,17.47,https://tcmsp-e.com/molecule.php?qn=6623
MOL006623,"kushenol,t",Prostaglandin G/H synthase 2,94,290,442.55,4.46,5,7,51.28,-0.05,-0.95,0.64,0.35,17.47,https://tcmsp-e.com/molecule.php?qn=6623
MOL006623,"kushenol,t",Coagulation factor VII,123,369,442.55,4.46,5,7,51.28,-0.05,-0.95,0.64,0.35,17.47,https://tcmsp-e.com/molecule.php?qn=6623
MOL006623,"kushenol,t",Vascular endothelial growth factor receptor 2,139,407,442.55,4.46,5,7,51.28,-0.05,-0.95,0.64,0.35,17.47,https://tcmsp-e.com/molecule.php?qn=6623
MOL006623,"kushenol,t",DNA topoisomerase II,287,817,442.55,4.46,5,7,51.28,-0.05,-0.95,0.64,0.35,17.47,https://tcmsp-e.com/molecule.php?qn=6623
MOL006626,"leachianone,g","Nitric oxide synthase, inducible",3,7,356.40,3.89,4,6,60.97,0.33,-0.36,0.4,0.37,15.53,https://tcmsp-e.com/molecule.php?qn=6626
MOL006626,"leachianone,g",Estrogen receptor,46,136,356.40,3.89,4,6,60.97,0.33,-0.36,0.4,0.37,15.53,https://tcmsp-e.com/molecule.php?qn=6626
MOL006626,"leachianone,g",Sodium channel protein type 5 subunit alpha,70,220,356.40,3.89,4,6,60.97,0.33,-0.36,0.4,0.37,15.53,https://tcmsp-e.com/molecule.php?qn=6626
MOL006626,"leachianone,g",Coagulation factor Xa,79,239,356.40,3.89,4,6,60.97,0.33,-0.36,0.4,0.37,15.53,https://tcmsp-e.com/molecule.php?qn=6626
MOL006626,"leachianone,g",Prostaglandin G/H synthase 2,94,290,356.40,3.89,4,6,60.97,0.33,-0.36,0.4,0.37,15.53,https://tcmsp-e.com/molecule.php?qn=6626
MOL006626,"leachianone,g",Vascular endothelial growth factor receptor 2,139,407,356.40,3.89,4,6,60.97,0.33,-0.36,0.4,0.37,15.53,https://tcmsp-e.com/molecule.php?qn=6626
MOL006626,"leachianone,g",DNA topoisomerase II,287,817,356.40,3.89,4,6,60.97,0.33,-0.36,0.4,0.37,15.53,https://tcmsp-e.com/molecule.php?qn=6626
MOL006626,"leachianone,g",Heat shock protein HSP 90,444,1939,356.40,3.89,4,6,60.97,0.33,-0.36,0.4,0.37,15.53,https://tcmsp-e.com/molecule.php?qn=6626
MOL006626,"leachianone,g",Nuclear receptor coactivator 1,3279,6228,356.40,3.89,4,6,60.97,0.33,-0.36,0.4,0.37,15.53,https://tcmsp-e.com/molecule.php?qn=6626
MOL006627,Lehmanine,N/A,N/A,N/A,246.39,1.11,0,3,62.23,1.18,1.25,0.25,0.21,6.00,https://tcmsp-e.com/molecule.php?qn=6627
MOL006628,(+)-Lupanine,N/A,N/A,N/A,248.41,1.42,0,3,52.71,1.16,1.19,0.24,0.18,4.25,https://tcmsp-e.com/molecule.php?qn=6628
MOL006630,Norartocarpetin,Prostaglandin G/H synthase 1,6,20,286.25,2.07,4,6,54.93,0.14,-0.74,0.24,0.42,17.23,https://tcmsp-e.com/molecule.php?qn=6630
MOL006630,Norartocarpetin,Androgen receptor,48,146,286.25,2.07,4,6,54.93,0.14,-0.74,0.24,0.42,17.23,https://tcmsp-e.com/molecule.php?qn=6630
MOL006630,Norartocarpetin,Prostaglandin G/H synthase 2,94,290,286.25,2.07,4,6,54.93,0.14,-0.74,0.24,0.42,17.23,https://tcmsp-e.com/molecule.php?qn=6630
MOL006630,Norartocarpetin,Heat shock protein HSP 90,444,1939,286.25,2.07,4,6,54.93,0.14,-0.74,0.24,0.42,17.23,https://tcmsp-e.com/molecule.php?qn=6630
MOL006630,Norartocarpetin,mRNA of PKA Catalytic Subunit C-alpha,699,6263,286.25,2.07,4,6,54.93,0.14,-0.74,0.24,0.42,17.23,https://tcmsp-e.com/molecule.php?qn=6630
MOL000456,Phaseolin,"Nitric oxide synthase, inducible",3,7,322.38,3.46,1,4,78.2,1.09,0.39,0.73,0.33,7.56,https://tcmsp-e.com/molecule.php?qn=456
MOL000456,Phaseolin,Prostaglandin G/H synthase 1,6,20,322.38,3.46,1,4,78.2,1.09,0.39,0.73,0.33,7.56,https://tcmsp-e.com/molecule.php?qn=456
MOL000456,Phaseolin,Muscarinic acetylcholine receptor M3,16,51,322.38,3.46,1,4,78.2,1.09,0.39,0.73,0.33,7.56,https://tcmsp-e.com/molecule.php?qn=456
MOL000456,Phaseolin,Muscarinic acetylcholine receptor M1,38,103,322.38,3.46,1,4,78.2,1.09,0.39,0.73,0.33,7.56,https://tcmsp-e.com/molecule.php?qn=456
MOL000456,Phaseolin,Estrogen receptor,46,136,322.38,3.46,1,4,78.2,1.09,0.39,0.73,0.33,7.56,https://tcmsp-e.com/molecule.php?qn=456
MOL000456,Phaseolin,Androgen receptor,48,146,322.38,3.46,1,4,78.2,1.09,0.39,0.73,0.33,7.56,https://tcmsp-e.com/molecule.php?qn=456
MOL000456,Phaseolin,Sodium channel protein type 5 subunit alpha,70,220,322.38,3.46,1,4,78.2,1.09,0.39,0.73,0.33,7.56,https://tcmsp-e.com/molecule.php?qn=456
MOL000456,Phaseolin,Peroxisome proliferator activated receptor gamma,78,238,322.38,3.46,1,4,78.2,1.09,0.39,0.73,0.33,7.56,https://tcmsp-e.com/molecule.php?qn=456
MOL000456,Phaseolin,Coagulation factor Xa,79,239,322.38,3.46,1,4,78.2,1.09,0.39,0.73,0.33,7.56,https://tcmsp-e.com/molecule.php?qn=456
MOL000456,Phaseolin,Prostaglandin G/H synthase 2,94,290,322.38,3.46,1,4,78.2,1.09,0.39,0.73,0.33,7.56,https://tcmsp-e.com/molecule.php?qn=456
MOL000456,Phaseolin,Retinoic acid receptor RXR-alpha,158,459,322.38,3.46,1,4,78.2,1.09,0.39,0.73,0.33,7.56,https://tcmsp-e.com/molecule.php?qn=456
MOL000456,Phaseolin,Alpha-1B adrenergic receptor,216,632,322.38,3.46,1,4,78.2,1.09,0.39,0.73,0.33,7.56,https://tcmsp-e.com/molecule.php?qn=456
MOL000456,Phaseolin,Beta-2 adrenergic receptor,261,766,322.38,3.46,1,4,78.2,1.09,0.39,0.73,0.33,7.56,https://tcmsp-e.com/molecule.php?qn=456
MOL000456,Phaseolin,Alpha-1D adrenergic receptor,272,789,322.38,3.46,1,4,78.2,1.09,0.39,0.73,0.33,7.56,https://tcmsp-e.com/molecule.php?qn=456
MOL000456,Phaseolin,Estrogen receptor beta,307,869,322.38,3.46,1,4,78.2,1.09,0.39,0.73,0.33,7.56,https://tcmsp-e.com/molecule.php?qn=456
MOL000456,Phaseolin,Mitogen-activated protein kinase 14,402,1540,322.38,3.46,1,4,78.2,1.09,0.39,0.73,0.33,7.56,https://tcmsp-e.com/molecule.php?qn=456
MOL000456,Phaseolin,Glycogen synthase kinase-3 beta,422,1721,322.38,3.46,1,4,78.2,1.09,0.39,0.73,0.33,7.56,https://tcmsp-e.com/molecule.php?qn=456
MOL000456,Phaseolin,Cell division protein kinase 2,482,2240,322.38,3.46,1,4,78.2,1.09,0.39,0.73,0.33,7.56,https://tcmsp-e.com/molecule.php?qn=456
MOL000456,Phaseolin,Retinoic acid receptor RXR-beta,789,88,322.38,3.46,1,4,78.2,1.09,0.39,0.73,0.33,7.56,https://tcmsp-e.com/molecule.php?qn=456
MOL000456,Phaseolin,Trypsin-1,2928,3176,322.38,3.46,1,4,78.2,1.09,0.39,0.73,0.33,7.56,https://tcmsp-e.com/molecule.php?qn=456
MOL000456,Phaseolin,Proto-oncogene serine/threonine-protein kinase Pim-1,2966,2347,322.38,3.46,1,4,78.2,1.09,0.39,0.73,0.33,7.56,https://tcmsp-e.com/molecule.php?qn=456
MOL000456,Phaseolin,Cyclin-A2,3025,6235,322.38,3.46,1,4,78.2,1.09,0.39,0.73,0.33,7.56,https://tcmsp-e.com/molecule.php?qn=456
MOL000456,Phaseolin,Nuclear receptor coactivator 2,3276,6241,322.38,3.46,1,4,78.2,1.09,0.39,0.73,0.33,7.56,https://tcmsp-e.com/molecule.php?qn=456
MOL000456,Phaseolin,Calmodulin,3907,465,322.38,3.46,1,4,78.2,1.09,0.39,0.73,0.33,7.56,https://tcmsp-e.com/molecule.php?qn=456
MOL006649,sophranol,N/A,N/A,N/A,264.41,0.67,1,4,55.42,0.60,0.68,0.28,0.19,4.94,https://tcmsp-e.com/molecule.php?qn=6649
MOL006650,(-)-Maackiain-3-O-glucosyl-6'-O-malonate,DNA topoisomerase II,287,817,532.49,0.70,4,13,48.69,-1.45,-2.14,0.52,0.34,20.42,https://tcmsp-e.com/molecule.php?qn=6650
MOL006652,trifolrhizin,N/A,N/A,N/A,462.44,0.95,4,11,48.53,-0.85,-1.65,0.74,0.24,18.51,https://tcmsp-e.com/molecule.php?qn=6652
MOL000098,quercetin,Prostaglandin G/H synthase 1,6,20,302.25,1.50,5,7,46.43,0.05,-0.77,0.28,0.38,14.40,https://tcmsp-e.com/molecule.php?qn=98
MOL000098,quercetin,Androgen receptor,48,146,302.25,1.50,5,7,46.43,0.05,-0.77,0.28,0.38,14.40,https://tcmsp-e.com/molecule.php?qn=98
MOL000098,quercetin,Peroxisome proliferator activated receptor gamma,78,238,302.25,1.50,5,7,46.43,0.05,-0.77,0.28,0.38,14.40,https://tcmsp-e.com/molecule.php?qn=98
MOL000098,quercetin,Prostaglandin G/H synthase 2,94,290,302.25,1.50,5,7,46.43,0.05,-0.77,0.28,0.38,14.40,https://tcmsp-e.com/molecule.php?qn=98
MOL000098,quercetin,Heat shock protein HSP 90,444,1939,302.25,1.50,5,7,46.43,0.05,-0.77,0.28,0.38,14.40,https://tcmsp-e.com/molecule.php?qn=98
MOL000098,quercetin,"Phosphatidylinositol-4,5-bisphosphate 3-kinase catalytic subunit, gamma isoform",491,2404,302.25,1.50,5,7,46.43,0.05,-0.77,0.28,0.38,14.40,https://tcmsp-e.com/molecule.php?qn=98
MOL000098,quercetin,Nuclear receptor coactivator 2,3276,6241,302.25,1.50,5,7,46.43,0.05,-0.77,0.28,0.38,14.40,https://tcmsp-e.com/molecule.php?qn=98
MOL000098,quercetin,Dipeptidyl peptidase IV,332,952,302.25,1.50,5,7,46.43,0.05,-0.77,0.28,0.38,14.40,https://tcmsp-e.com/molecule.php?qn=98
MOL000098,quercetin,Aldose reductase,288,822,302.25,1.50,5,7,46.43,0.05,-0.77,0.28,0.38,14.40,https://tcmsp-e.com/molecule.php?qn=98
MOL000098,quercetin,Trypsin-1,2928,3176,302.25,1.50,5,7,46.43,0.05,-0.77,0.28,0.38,14.40,https://tcmsp-e.com/molecule.php?qn=98
MOL000098,quercetin,DNA topoisomerase II,287,817,302.25,1.50,5,7,46.43,0.05,-0.77,0.28,0.38,14.40,https://tcmsp-e.com/molecule.php?qn=98
MOL000098,quercetin,Thrombin,17,54,302.25,1.50,5,7,46.43,0.05,-0.77,0.28,0.38,14.40,https://tcmsp-e.com/molecule.php?qn=98
MOL000098,quercetin,Potassium voltage-gated channel subfamily H member 2,37,101,302.25,1.50,5,7,46.43,0.05,-0.77,0.28,0.38,14.40,https://tcmsp-e.com/molecule.php?qn=98
MOL000098,quercetin,Sodium channel protein type 5 subunit alpha,70,220,302.25,1.50,5,7,46.43,0.05,-0.77,0.28,0.38,14.40,https://tcmsp-e.com/molecule.php?qn=98
MOL000098,quercetin,Coagulation factor Xa,79,239,302.25,1.50,5,7,46.43,0.05,-0.77,0.28,0.38,14.40,https://tcmsp-e.com/molecule.php?qn=98
MOL000098,quercetin,Beta-2 adrenergic receptor,261,766,302.25,1.50,5,7,46.43,0.05,-0.77,0.28,0.38,14.40,https://tcmsp-e.com/molecule.php?qn=98
MOL000098,quercetin,Stromelysin-1,441,1926,302.25,1.50,5,7,46.43,0.05,-0.77,0.28,0.38,14.40,https://tcmsp-e.com/molecule.php?qn=98
MOL000098,quercetin,mRNA of PKA Catalytic Subunit C-alpha,699,6263,302.25,1.50,5,7,46.43,0.05,-0.77,0.28,0.38,14.40,https://tcmsp-e.com/molecule.php?qn=98
MOL000098,quercetin,Coagulation factor VII,123,369,302.25,1.50,5,7,46.43,0.05,-0.77,0.28,0.38,14.40,https://tcmsp-e.com/molecule.php?qn=98
MOL000098,quercetin,"Nitric-oxide synthase, endothelial",95,291,302.25,1.50,5,7,46.43,0.05,-0.77,0.28,0.38,14.40,https://tcmsp-e.com/molecule.php?qn=98
MOL000098,quercetin,Retinoic acid receptor RXR-alpha,158,459,302.25,1.50,5,7,46.43,0.05,-0.77,0.28,0.38,14.40,https://tcmsp-e.com/molecule.php?qn=98
MOL000098,quercetin,Acetylcholinesterase,165,474,302.25,1.50,5,7,46.43,0.05,-0.77,0.28,0.38,14.40,https://tcmsp-e.com/molecule.php?qn=98
MOL000098,quercetin,Gamma-aminobutyric acid receptor subunit alpha-1,309,872,302.25,1.50,5,7,46.43,0.05,-0.77,0.28,0.38,14.40,https://tcmsp-e.com/molecule.php?qn=98
MOL000098,quercetin,Amine oxidase [flavin-containing] B,565,3939,302.25,1.50,5,7,46.43,0.05,-0.77,0.28,0.38,14.40,https://tcmsp-e.com/molecule.php?qn=98
MOL000098,quercetin,Transcription factor p65,4565,N/A,302.25,1.50,5,7,46.43,0.05,-0.77,0.28,0.38,14.40,https://tcmsp-e.com/molecule.php?qn=98
MOL000098,quercetin,Epidermal growth factor receptor,298,844,302.25,1.50,5,7,46.43,0.05,-0.77,0.28,0.38,14.40,https://tcmsp-e.com/molecule.php?qn=98
MOL000098,quercetin,RAC-alpha serine/threonine-protein kinase,4490,N/A,302.25,1.50,5,7,46.43,0.05,-0.77,0.28,0.38,14.40,https://tcmsp-e.com/molecule.php?qn=98
MOL000098,quercetin,Vascular endothelial growth factor A,740,183,302.25,1.50,5,7,46.43,0.05,-0.77,0.28,0.38,14.40,https://tcmsp-e.com/molecule.php?qn=98
MOL000098,quercetin,G1/S-specific cyclin-D1,4214,N/A,302.25,1.50,5,7,46.43,0.05,-0.77,0.28,0.38,14.40,https://tcmsp-e.com/molecule.php?qn=98
MOL000098,quercetin,Apoptosis regulator Bcl-2,86,273,302.25,1.50,5,7,46.43,0.05,-0.77,0.28,0.38,14.40,https://tcmsp-e.com/molecule.php?qn=98
MOL000098,quercetin,Bcl-2-like protein 1,4054,N/A,302.25,1.50,5,7,46.43,0.05,-0.77,0.28,0.38,14.40,https://tcmsp-e.com/molecule.php?qn=98
MOL000098,quercetin,Proto-oncogene c-Fos,4478,N/A,302.25,1.50,5,7,46.43,0.05,-0.77,0.28,0.38,14.40,https://tcmsp-e.com/molecule.php?qn=98
MOL000098,quercetin,Cyclin-dependent kinase inhibitor 1,4141,N/A,302.25,1.50,5,7,46.43,0.05,-0.77,0.28,0.38,14.40,https://tcmsp-e.com/molecule.php?qn=98
MOL000098,quercetin,Eukaryotic translation initiation factor 6,4197,N/A,302.25,1.50,5,7,46.43,0.05,-0.77,0.28,0.38,14.40,https://tcmsp-e.com/molecule.php?qn=98
MOL000098,quercetin,Apoptosis regulator BAX,4033,N/A,302.25,1.50,5,7,46.43,0.05,-0.77,0.28,0.38,14.40,https://tcmsp-e.com/molecule.php?qn=98
MOL000098,quercetin,Caspase-9,4090,N/A,302.25,1.50,5,7,46.43,0.05,-0.77,0.28,0.38,14.40,https://tcmsp-e.com/molecule.php?qn=98
MOL000098,quercetin,Urokinase-type plasminogen activator,346,1074,302.25,1.50,5,7,46.43,0.05,-0.77,0.28,0.38,14.40,https://tcmsp-e.com/molecule.php?qn=98
MOL000098,quercetin,72 kDa type IV collagenase,238,707,302.25,1.50,5,7,46.43,0.05,-0.77,0.28,0.38,14.40,https://tcmsp-e.com/molecule.php?qn=98
MOL000098,quercetin,Matrix metalloproteinase-9,4334,N/A,302.25,1.50,5,7,46.43,0.05,-0.77,0.28,0.38,14.40,https://tcmsp-e.com/molecule.php?qn=98
MOL000098,quercetin,Mitogen-activated protein kinase 1,354,1176,302.25,1.50,5,7,46.43,0.05,-0.77,0.28,0.38,14.40,https://tcmsp-e.com/molecule.php?qn=98
MOL000098,quercetin,Interleukin-10,4292,N/A,302.25,1.50,5,7,46.43,0.05,-0.77,0.28,0.38,14.40,https://tcmsp-e.com/molecule.php?qn=98
MOL000098,quercetin,Pro-epidermal growth factor,734,1278,302.25,1.50,5,7,46.43,0.05,-0.77,0.28,0.38,14.40,https://tcmsp-e.com/molecule.php?qn=98
MOL000098,quercetin,Retinoblastoma-associated protein,2915,3846,302.25,1.50,5,7,46.43,0.05,-0.77,0.28,0.38,14.40,https://tcmsp-e.com/molecule.php?qn=98
MOL000098,quercetin,Tumor necrosis factor,265,777,302.25,1.50,5,7,46.43,0.05,-0.77,0.28,0.38,14.40,https://tcmsp-e.com/molecule.php?qn=98
MOL000098,quercetin,Transcription factor AP-1,414,1629,302.25,1.50,5,7,46.43,0.05,-0.77,0.28,0.38,14.40,https://tcmsp-e.com/molecule.php?qn=98
MOL000098,quercetin,Interleukin-6,351,1159,302.25,1.50,5,7,46.43,0.05,-0.77,0.28,0.38,14.40,https://tcmsp-e.com/molecule.php?qn=98
MOL000098,quercetin,"Cyclin-dependent kinase inhibitor 2A, isoforms 1/2/3",4144,N/A,302.25,1.50,5,7,46.43,0.05,-0.77,0.28,0.38,14.40,https://tcmsp-e.com/molecule.php?qn=98
MOL000098,quercetin,Activator of 90 kDa heat shock protein ATPase homolog 1,4007,N/A,302.25,1.50,5,7,46.43,0.05,-0.77,0.28,0.38,14.40,https://tcmsp-e.com/molecule.php?qn=98
MOL000098,quercetin,Caspase-3,4087,N/A,302.25,1.50,5,7,46.43,0.05,-0.77,0.28,0.38,14.40,https://tcmsp-e.com/molecule.php?qn=98
MOL000098,quercetin,Cellular tumor antigen p53,646,5788,302.25,1.50,5,7,46.43,0.05,-0.77,0.28,0.38,14.40,https://tcmsp-e.com/molecule.php?qn=98
MOL000098,quercetin,ETS domain-containing protein Elk-1,4194,N/A,302.25,1.50,5,7,46.43,0.05,-0.77,0.28,0.38,14.40,https://tcmsp-e.com/molecule.php?qn=98
MOL000098,quercetin,NF-kappa-B inhibitor alpha,4394,N/A,302.25,1.50,5,7,46.43,0.05,-0.77,0.28,0.38,14.40,https://tcmsp-e.com/molecule.php?qn=98
MOL000098,quercetin,NADPH--cytochrome P450 reductase,744,4120,302.25,1.50,5,7,46.43,0.05,-0.77,0.28,0.38,14.40,https://tcmsp-e.com/molecule.php?qn=98
MOL000098,quercetin,Ornithine decarboxylase,153,449,302.25,1.50,5,7,46.43,0.05,-0.77,0.28,0.38,14.40,https://tcmsp-e.com/molecule.php?qn=98
MOL000098,quercetin,Xanthine dehydrogenase/oxidase,568,3947,302.25,1.50,5,7,46.43,0.05,-0.77,0.28,0.38,14.40,https://tcmsp-e.com/molecule.php?qn=98
MOL000098,quercetin,Caspase-8,4089,N/A,302.25,1.50,5,7,46.43,0.05,-0.77,0.28,0.38,14.40,https://tcmsp-e.com/molecule.php?qn=98
MOL000098,quercetin,DNA topoisomerase 1,1293,3552,302.25,1.50,5,7,46.43,0.05,-0.77,0.28,0.38,14.40,https://tcmsp-e.com/molecule.php?qn=98
MOL000098,quercetin,RAF proto-oncogene serine/threonine-protein kinase,4491,N/A,302.25,1.50,5,7,46.43,0.05,-0.77,0.28,0.38,14.40,https://tcmsp-e.com/molecule.php?qn=98
MOL000098,quercetin,Superoxide dismutase [Cu-Zn],597,4152,302.25,1.50,5,7,46.43,0.05,-0.77,0.28,0.38,14.40,https://tcmsp-e.com/molecule.php?qn=98
MOL000098,quercetin,Protein kinase C alpha type,4469,N/A,302.25,1.50,5,7,46.43,0.05,-0.77,0.28,0.38,14.40,https://tcmsp-e.com/molecule.php?qn=98
MOL000098,quercetin,Interstitial collagenase,353,1167,302.25,1.50,5,7,46.43,0.05,-0.77,0.28,0.38,14.40,https://tcmsp-e.com/molecule.php?qn=98
MOL000098,quercetin,Hypoxia-inducible factor 1-alpha,4263,N/A,302.25,1.50,5,7,46.43,0.05,-0.77,0.28,0.38,14.40,https://tcmsp-e.com/molecule.php?qn=98
MOL000098,quercetin,Signal transducer and activator of transcription 1-alpha/beta,4525,N/A,302.25,1.50,5,7,46.43,0.05,-0.77,0.28,0.38,14.40,https://tcmsp-e.com/molecule.php?qn=98
MOL000098,quercetin,Protein CBFA2T1,4464,N/A,302.25,1.50,5,7,46.43,0.05,-0.77,0.28,0.38,14.40,https://tcmsp-e.com/molecule.php?qn=98
MOL000098,quercetin,Probable E3 ubiquitin-protein ligase HERC5,4441,N/A,302.25,1.50,5,7,46.43,0.05,-0.77,0.28,0.38,14.40,https://tcmsp-e.com/molecule.php?qn=98
MOL000098,quercetin,Cell division control protein 2 homolog,431,1771,302.25,1.50,5,7,46.43,0.05,-0.77,0.28,0.38,14.40,https://tcmsp-e.com/molecule.php?qn=98
MOL000098,quercetin,78 kDa glucose-regulated protein,2963,1847,302.25,1.50,5,7,46.43,0.05,-0.77,0.28,0.38,14.40,https://tcmsp-e.com/molecule.php?qn=98
MOL000098,quercetin,Receptor tyrosine-protein kinase erbB-2,4496,N/A,302.25,1.50,5,7,46.43,0.05,-0.77,0.28,0.38,14.40,https://tcmsp-e.com/molecule.php?qn=98
MOL000098,quercetin,Peroxisome proliferator-activated receptor gamma,4422,N/A,302.25,1.50,5,7,46.43,0.05,-0.77,0.28,0.38,14.40,https://tcmsp-e.com/molecule.php?qn=98
MOL000098,quercetin,Acetyl-CoA carboxylase 1,231,690,302.25,1.50,5,7,46.43,0.05,-0.77,0.28,0.38,14.40,https://tcmsp-e.com/molecule.php?qn=98
MOL000098,quercetin,Heme oxygenase 1,2132,3391,302.25,1.50,5,7,46.43,0.05,-0.77,0.28,0.38,14.40,https://tcmsp-e.com/molecule.php?qn=98
MOL000098,quercetin,Cytochrome P450 3A4,621,4512,302.25,1.50,5,7,46.43,0.05,-0.77,0.28,0.38,14.40,https://tcmsp-e.com/molecule.php?qn=98
MOL000098,quercetin,Cytochrome P450 1A2,724,4200,302.25,1.50,5,7,46.43,0.05,-0.77,0.28,0.38,14.40,https://tcmsp-e.com/molecule.php?qn=98
MOL000098,quercetin,Caveolin-1,4095,N/A,302.25,1.50,5,7,46.43,0.05,-0.77,0.28,0.38,14.40,https://tcmsp-e.com/molecule.php?qn=98
MOL000098,quercetin,Myc proto-oncogene protein,4372,N/A,302.25,1.50,5,7,46.43,0.05,-0.77,0.28,0.38,14.40,https://tcmsp-e.com/molecule.php?qn=98
MOL000098,quercetin,Tissue factor,466,2139,302.25,1.50,5,7,46.43,0.05,-0.77,0.28,0.38,14.40,https://tcmsp-e.com/molecule.php?qn=98
MOL000098,quercetin,Gap junction alpha-1 protein,436,1827,302.25,1.50,5,7,46.43,0.05,-0.77,0.28,0.38,14.40,https://tcmsp-e.com/molecule.php?qn=98
MOL000098,quercetin,Cytochrome P450 1A1,4149,N/A,302.25,1.50,5,7,46.43,0.05,-0.77,0.28,0.38,14.40,https://tcmsp-e.com/molecule.php?qn=98
MOL000098,quercetin,Intercellular adhesion molecule 1,4287,N/A,302.25,1.50,5,7,46.43,0.05,-0.77,0.28,0.38,14.40,https://tcmsp-e.com/molecule.php?qn=98
MOL000098,quercetin,Interleukin-1 beta,418,1654,302.25,1.50,5,7,46.43,0.05,-0.77,0.28,0.38,14.40,https://tcmsp-e.com/molecule.php?qn=98
MOL000098,quercetin,C-C motif chemokine 2,417,1649,302.25,1.50,5,7,46.43,0.05,-0.77,0.28,0.38,14.40,https://tcmsp-e.com/molecule.php?qn=98
MOL000098,quercetin,E-selectin,427,1756,302.25,1.50,5,7,46.43,0.05,-0.77,0.28,0.38,14.40,https://tcmsp-e.com/molecule.php?qn=98
MOL000098,quercetin,Vascular cell adhesion protein 1,440,1908,302.25,1.50,5,7,46.43,0.05,-0.77,0.28,0.38,14.40,https://tcmsp-e.com/molecule.php?qn=98
MOL000098,quercetin,Prostaglandin E2 receptor EP3 subtype,593,4131,302.25,1.50,5,7,46.43,0.05,-0.77,0.28,0.38,14.40,https://tcmsp-e.com/molecule.php?qn=98
MOL000098,quercetin,Interleukin-8,4303,N/A,302.25,1.50,5,7,46.43,0.05,-0.77,0.28,0.38,14.40,https://tcmsp-e.com/molecule.php?qn=98
MOL000098,quercetin,Protein kinase C beta type,4470,N/A,302.25,1.50,5,7,46.43,0.05,-0.77,0.28,0.38,14.40,https://tcmsp-e.com/molecule.php?qn=98
MOL000098,quercetin,Baculoviral IAP repeat-containing protein 5,4044,N/A,302.25,1.50,5,7,46.43,0.05,-0.77,0.28,0.38,14.40,https://tcmsp-e.com/molecule.php?qn=98
MOL000098,quercetin,Dual oxidase 2,4174,N/A,302.25,1.50,5,7,46.43,0.05,-0.77,0.28,0.38,14.40,https://tcmsp-e.com/molecule.php?qn=98
MOL000098,quercetin,"Nitric oxide synthase, endothelial",4395,N/A,302.25,1.50,5,7,46.43,0.05,-0.77,0.28,0.38,14.40,https://tcmsp-e.com/molecule.php?qn=98
MOL000098,quercetin,Heat shock protein beta-1,4247,N/A,302.25,1.50,5,7,46.43,0.05,-0.77,0.28,0.38,14.40,https://tcmsp-e.com/molecule.php?qn=98
MOL000098,quercetin,Transforming growth factor beta-1,4568,N/A,302.25,1.50,5,7,46.43,0.05,-0.77,0.28,0.38,14.40,https://tcmsp-e.com/molecule.php?qn=98
MOL000098,quercetin,Estrogen sulfotransferase,781,1275,302.25,1.50,5,7,46.43,0.05,-0.77,0.28,0.38,14.40,https://tcmsp-e.com/molecule.php?qn=98
MOL000098,quercetin,"Maltase-glucoamylase, intestinal",318,929,302.25,1.50,5,7,46.43,0.05,-0.77,0.28,0.38,14.40,https://tcmsp-e.com/molecule.php?qn=98
MOL000098,quercetin,Interleukin-2,3978,1575,302.25,1.50,5,7,46.43,0.05,-0.77,0.28,0.38,14.40,https://tcmsp-e.com/molecule.php?qn=98
MOL000098,quercetin,Nuclear receptor subfamily 1 group I member 2,4403,N/A,302.25,1.50,5,7,46.43,0.05,-0.77,0.28,0.38,14.40,https://tcmsp-e.com/molecule.php?qn=98
MOL000098,quercetin,Cytochrome P450 1B1,4150,N/A,302.25,1.50,5,7,46.43,0.05,-0.77,0.28,0.38,14.40,https://tcmsp-e.com/molecule.php?qn=98
MOL000098,quercetin,G2/mitotic-specific cyclin-B1,4219,N/A,302.25,1.50,5,7,46.43,0.05,-0.77,0.28,0.38,14.40,https://tcmsp-e.com/molecule.php?qn=98
MOL000098,quercetin,Tissue-type plasminogen activator,434,1792,302.25,1.50,5,7,46.43,0.05,-0.77,0.28,0.38,14.40,https://tcmsp-e.com/molecule.php?qn=98
MOL000098,quercetin,Thrombomodulin,457,2021,302.25,1.50,5,7,46.43,0.05,-0.77,0.28,0.38,14.40,https://tcmsp-e.com/molecule.php?qn=98
MOL000098,quercetin,Plasminogen activator inhibitor 1,4429,N/A,302.25,1.50,5,7,46.43,0.05,-0.77,0.28,0.38,14.40,https://tcmsp-e.com/molecule.php?qn=98
MOL000098,quercetin,Collagen alpha-1(I) chain,731,28,302.25,1.50,5,7,46.43,0.05,-0.77,0.28,0.38,14.40,https://tcmsp-e.com/molecule.php?qn=98
MOL000098,quercetin,Interferon gamma,365,1253,302.25,1.50,5,7,46.43,0.05,-0.77,0.28,0.38,14.40,https://tcmsp-e.com/molecule.php?qn=98
MOL000098,quercetin,Arachidonate 5-lipoxygenase,88,275,302.25,1.50,5,7,46.43,0.05,-0.77,0.28,0.38,14.40,https://tcmsp-e.com/molecule.php?qn=98
MOL000098,quercetin,"Phosphatidylinositol-3,4,5-trisphosphate 3-phosphatase and dual-specificity protein phosphatase PTEN",4620,N/A,302.25,1.50,5,7,46.43,0.05,-0.77,0.28,0.38,14.40,https://tcmsp-e.com/molecule.php?qn=98
MOL000098,quercetin,Interleukin-1 alpha,4297,N/A,302.25,1.50,5,7,46.43,0.05,-0.77,0.28,0.38,14.40,https://tcmsp-e.com/molecule.php?qn=98
MOL000098,quercetin,Myeloperoxidase,428,1757,302.25,1.50,5,7,46.43,0.05,-0.77,0.28,0.38,14.40,https://tcmsp-e.com/molecule.php?qn=98
MOL000098,quercetin,DNA topoisomerase 2-alpha,4172,N/A,302.25,1.50,5,7,46.43,0.05,-0.77,0.28,0.38,14.40,https://tcmsp-e.com/molecule.php?qn=98
MOL000098,quercetin,Neutrophil cytosol factor 1,4391,N/A,302.25,1.50,5,7,46.43,0.05,-0.77,0.28,0.38,14.40,https://tcmsp-e.com/molecule.php?qn=98
MOL000098,quercetin,ATP-binding cassette sub-family G member 2,4038,N/A,302.25,1.50,5,7,46.43,0.05,-0.77,0.28,0.38,14.40,https://tcmsp-e.com/molecule.php?qn=98
MOL000098,quercetin,Hyaluronan synthase 2,4262,N/A,302.25,1.50,5,7,46.43,0.05,-0.77,0.28,0.38,14.40,https://tcmsp-e.com/molecule.php?qn=98
