mol_id,mol_name,mol_url,mw,alogp,hdon,hacc,ob,caco2,bbb,dl,fasa,halflife,target_name,target_id,drugbank_id
MOL001406,crocetin,https://tcmsp-e.com/molecule.php?qn=1406,328.44,4.58,2,4,35.3,0.54,-0.83,0.26,0.43,2.03,Cytochrome P450-cam,1143,2298
MOL001406,crocetin,https://tcmsp-e.com/molecule.php?qn=1406,328.44,4.58,2,4,35.3,0.54,-0.83,0.26,0.43,2.03,Muscarinic acetylcholine receptor M3,16,51
MOL001406,crocetin,https://tcmsp-e.com/molecule.php?qn=1406,328.44,4.58,2,4,35.3,0.54,-0.83,0.26,0.43,2.03,Muscarinic acetylcholine receptor M1,38,103
MOL001406,crocetin,https://tcmsp-e.com/molecule.php?qn=1406,328.44,4.58,2,4,35.3,0.54,-0.83,0.26,0.43,2.03,Gamma-aminobutyric-acid receptor alpha-2 subunit,141,423
MOL001406,crocetin,https://tcmsp-e.com/molecule.php?qn=1406,328.44,4.58,2,4,35.3,0.54,-0.83,0.26,0.43,2.03,Gamma-aminobutyric-acid receptor alpha-5 subunit,181,523
MOL001406,crocetin,https://tcmsp-e.com/molecule.php?qn=1406,328.44,4.58,2,4,35.3,0.54,-0.83,0.26,0.43,2.03,Alpha-1A adrenergic receptor,191,556
MOL001406,crocetin,https://tcmsp-e.com/molecule.php?qn=1406,328.44,4.58,2,4,35.3,0.54,-0.83,0.26,0.43,2.03,Gamma-aminobutyric-acid receptor alpha-3 subunit,200,580
MOL001406,crocetin,https://tcmsp-e.com/molecule.php?qn=1406,328.44,4.58,2,4,35.3,0.54,-0.83,0.26,0.43,2.03,Muscarinic acetylcholine receptor M2,210,617
MOL001406,crocetin,https://tcmsp-e.com/molecule.php?qn=1406,328.44,4.58,2,4,35.3,0.54,-0.83,0.26,0.43,2.03,Alpha-1B adrenergic receptor,216,632
MOL001406,crocetin,https://tcmsp-e.com/molecule.php?qn=1406,328.44,4.58,2,4,35.3,0.54,-0.83,0.26,0.43,2.03,Gamma-aminobutyric acid receptor subunit alpha-1,309,872
MOL001406,crocetin,https://tcmsp-e.com/molecule.php?qn=1406,328.44,4.58,2,4,35.3,0.54,-0.83,0.26,0.43,2.03,Ig gamma-1 chain C region,1201,4785
MOL001406,crocetin,https://tcmsp-e.com/molecule.php?qn=1406,328.44,4.58,2,4,35.3,0.54,-0.83,0.26,0.43,2.03,Prostaglandin G/H synthase 2,94,290
MOL001406,crocetin,https://tcmsp-e.com/molecule.php?qn=1406,328.44,4.58,2,4,35.3,0.54,-0.83,0.26,0.43,2.03,Nuclear receptor coactivator 2,3276,6241
MOL001406,crocetin,https://tcmsp-e.com/molecule.php?qn=1406,328.44,4.58,2,4,35.3,0.54,-0.83,0.26,0.43,2.03,Vascular cell adhesion protein 1,440,1908
MOL001941,Ammidin,https://tcmsp-e.com/molecule.php?qn=1941,270.30,3.65,0,4,34.55,1.13,0.92,0.22,0.28,-1.35,Thrombin,17,54
MOL001941,Ammidin,https://tcmsp-e.com/molecule.php?qn=1941,270.30,3.65,0,4,34.55,1.13,0.92,0.22,0.28,-1.35,Muscarinic acetylcholine receptor M1,38,103
MOL001941,Ammidin,https://tcmsp-e.com/molecule.php?qn=1941,270.30,3.65,0,4,34.55,1.13,0.92,0.22,0.28,-1.35,Prostaglandin G/H synthase 2,94,290
MOL001941,Ammidin,https://tcmsp-e.com/molecule.php?qn=1941,270.30,3.65,0,4,34.55,1.13,0.92,0.22,0.28,-1.35,Gamma-aminobutyric acid receptor subunit alpha-1,309,872
MOL001941,Ammidin,https://tcmsp-e.com/molecule.php?qn=1941,270.30,3.65,0,4,34.55,1.13,0.92,0.22,0.28,-1.35,Dipeptidyl peptidase IV,332,952
MOL001941,Ammidin,https://tcmsp-e.com/molecule.php?qn=1941,270.30,3.65,0,4,34.55,1.13,0.92,0.22,0.28,-1.35,"Phosphatidylinositol-4,5-bisphosphate 3-kinase catalytic subunit, gamma isoform",491,2404
MOL001941,Ammidin,https://tcmsp-e.com/molecule.php?qn=1941,270.30,3.65,0,4,34.55,1.13,0.92,0.22,0.28,-1.35,mRNA of PKA Catalytic Subunit C-alpha,699,6263
MOL001941,Ammidin,https://tcmsp-e.com/molecule.php?qn=1941,270.30,3.65,0,4,34.55,1.13,0.92,0.22,0.28,-1.35,Amine oxidase [flavin-containing] B,565,3939
MOL004561,Sudan III,https://tcmsp-e.com/molecule.php?qn=4561,352.42,7.21,1,5,84.07,0.42,0.10,0.59,0.46,8.99,Thrombin,17,54
MOL004561,Sudan III,https://tcmsp-e.com/molecule.php?qn=4561,352.42,7.21,1,5,84.07,0.42,0.10,0.59,0.46,8.99,Estrogen receptor,46,136
MOL004561,Sudan III,https://tcmsp-e.com/molecule.php?qn=4561,352.42,7.21,1,5,84.07,0.42,0.10,0.59,0.46,8.99,Prostaglandin G/H synthase 2,94,290
MOL004561,Sudan III,https://tcmsp-e.com/molecule.php?qn=4561,352.42,7.21,1,5,84.07,0.42,0.10,0.59,0.46,8.99,Coagulation factor VII,123,369
MOL004561,Sudan III,https://tcmsp-e.com/molecule.php?qn=4561,352.42,7.21,1,5,84.07,0.42,0.10,0.59,0.46,8.99,Estrogen receptor beta,307,869
MOL004561,Sudan III,https://tcmsp-e.com/molecule.php?qn=4561,352.42,7.21,1,5,84.07,0.42,0.10,0.59,0.46,8.99,Dipeptidyl peptidase IV,332,952
MOL004561,Sudan III,https://tcmsp-e.com/molecule.php?qn=4561,352.42,7.21,1,5,84.07,0.42,0.10,0.59,0.46,8.99,Mitogen-activated protein kinase 14,402,1540
MOL004561,Sudan III,https://tcmsp-e.com/molecule.php?qn=4561,352.42,7.21,1,5,84.07,0.42,0.10,0.59,0.46,8.99,Glycogen synthase kinase-3 beta,422,1721
MOL004561,Sudan III,https://tcmsp-e.com/molecule.php?qn=4561,352.42,7.21,1,5,84.07,0.42,0.10,0.59,0.46,8.99,Mitogen-activated protein kinase 10,438,1836
MOL004561,Sudan III,https://tcmsp-e.com/molecule.php?qn=4561,352.42,7.21,1,5,84.07,0.42,0.10,0.59,0.46,8.99,Cell division protein kinase 2,482,2240
MOL004561,Sudan III,https://tcmsp-e.com/molecule.php?qn=4561,352.42,7.21,1,5,84.07,0.42,0.10,0.59,0.46,8.99,mRNA of PKA Catalytic Subunit C-alpha,699,6263
MOL004561,Sudan III,https://tcmsp-e.com/molecule.php?qn=4561,352.42,7.21,1,5,84.07,0.42,0.10,0.59,0.46,8.99,Proto-oncogene serine/threonine-protein kinase Pim-1,2966,2347
MOL004561,Sudan III,https://tcmsp-e.com/molecule.php?qn=4561,352.42,7.21,1,5,84.07,0.42,0.10,0.59,0.46,8.99,Cyclin-A2,3025,6235
MOL000098,quercetin,https://tcmsp-e.com/molecule.php?qn=98,302.25,1.50,5,7,46.43,0.05,-0.77,0.28,0.38,14.40,Prostaglandin G/H synthase 1,6,20
MOL000098,quercetin,https://tcmsp-e.com/molecule.php?qn=98,302.25,1.50,5,7,46.43,0.05,-0.77,0.28,0.38,14.40,Androgen receptor,48,146
MOL000098,quercetin,https://tcmsp-e.com/molecule.php?qn=98,302.25,1.50,5,7,46.43,0.05,-0.77,0.28,0.38,14.40,Peroxisome proliferator activated receptor gamma,78,238
MOL000098,quercetin,https://tcmsp-e.com/molecule.php?qn=98,302.25,1.50,5,7,46.43,0.05,-0.77,0.28,0.38,14.40,Prostaglandin G/H synthase 2,94,290
MOL000098,quercetin,https://tcmsp-e.com/molecule.php?qn=98,302.25,1.50,5,7,46.43,0.05,-0.77,0.28,0.38,14.40,Heat shock protein HSP 90,444,1939
MOL000098,quercetin,https://tcmsp-e.com/molecule.php?qn=98,302.25,1.50,5,7,46.43,0.05,-0.77,0.28,0.38,14.40,"Phosphatidylinositol-4,5-bisphosphate 3-kinase catalytic subunit, gamma isoform",491,2404
MOL000098,quercetin,https://tcmsp-e.com/molecule.php?qn=98,302.25,1.50,5,7,46.43,0.05,-0.77,0.28,0.38,14.40,Nuclear receptor coactivator 2,3276,6241
MOL000098,quercetin,https://tcmsp-e.com/molecule.php?qn=98,302.25,1.50,5,7,46.43,0.05,-0.77,0.28,0.38,14.40,Dipeptidyl peptidase IV,332,952
MOL000098,quercetin,https://tcmsp-e.com/molecule.php?qn=98,302.25,1.50,5,7,46.43,0.05,-0.77,0.28,0.38,14.40,Aldose reductase,288,822
MOL000098,quercetin,https://tcmsp-e.com/molecule.php?qn=98,302.25,1.50,5,7,46.43,0.05,-0.77,0.28,0.38,14.40,Trypsin-1,2928,3176
MOL000098,quercetin,https://tcmsp-e.com/molecule.php?qn=98,302.25,1.50,5,7,46.43,0.05,-0.77,0.28,0.38,14.40,DNA topoisomerase II,287,817
MOL000098,quercetin,https://tcmsp-e.com/molecule.php?qn=98,302.25,1.50,5,7,46.43,0.05,-0.77,0.28,0.38,14.40,Thrombin,17,54
MOL000098,quercetin,https://tcmsp-e.com/molecule.php?qn=98,302.25,1.50,5,7,46.43,0.05,-0.77,0.28,0.38,14.40,Potassium voltage-gated channel subfamily H member 2,37,101
MOL000098,quercetin,https://tcmsp-e.com/molecule.php?qn=98,302.25,1.50,5,7,46.43,0.05,-0.77,0.28,0.38,14.40,Sodium channel protein type 5 subunit alpha,70,220
MOL000098,quercetin,https://tcmsp-e.com/molecule.php?qn=98,302.25,1.50,5,7,46.43,0.05,-0.77,0.28,0.38,14.40,Coagulation factor Xa,79,239
MOL000098,quercetin,https://tcmsp-e.com/molecule.php?qn=98,302.25,1.50,5,7,46.43,0.05,-0.77,0.28,0.38,14.40,Beta-2 adrenergic receptor,261,766
MOL000098,quercetin,https://tcmsp-e.com/molecule.php?qn=98,302.25,1.50,5,7,46.43,0.05,-0.77,0.28,0.38,14.40,Stromelysin-1,441,1926
MOL000098,quercetin,https://tcmsp-e.com/molecule.php?qn=98,302.25,1.50,5,7,46.43,0.05,-0.77,0.28,0.38,14.40,mRNA of PKA Catalytic Subunit C-alpha,699,6263
MOL000098,quercetin,https://tcmsp-e.com/molecule.php?qn=98,302.25,1.50,5,7,46.43,0.05,-0.77,0.28,0.38,14.40,Coagulation factor VII,123,369
MOL000098,quercetin,https://tcmsp-e.com/molecule.php?qn=98,302.25,1.50,5,7,46.43,0.05,-0.77,0.28,0.38,14.40,"Nitric-oxide synthase, endothelial",95,291
MOL000098,quercetin,https://tcmsp-e.com/molecule.php?qn=98,302.25,1.50,5,7,46.43,0.05,-0.77,0.28,0.38,14.40,Retinoic acid receptor RXR-alpha,158,459
MOL000098,quercetin,https://tcmsp-e.com/molecule.php?qn=98,302.25,1.50,5,7,46.43,0.05,-0.77,0.28,0.38,14.40,Acetylcholinesterase,165,474
MOL000098,quercetin,https://tcmsp-e.com/molecule.php?qn=98,302.25,1.50,5,7,46.43,0.05,-0.77,0.28,0.38,14.40,Gamma-aminobutyric acid receptor subunit alpha-1,309,872
MOL000098,quercetin,https://tcmsp-e.com/molecule.php?qn=98,302.25,1.50,5,7,46.43,0.05,-0.77,0.28,0.38,14.40,Amine oxidase [flavin-containing] B,565,3939
MOL000098,quercetin,https://tcmsp-e.com/molecule.php?qn=98,302.25,1.50,5,7,46.43,0.05,-0.77,0.28,0.38,14.40,Transcription factor p65,4565,N/A
MOL000098,quercetin,https://tcmsp-e.com/molecule.php?qn=98,302.25,1.50,5,7,46.43,0.05,-0.77,0.28,0.38,14.40,Epidermal growth factor receptor,298,844
MOL000098,quercetin,https://tcmsp-e.com/molecule.php?qn=98,302.25,1.50,5,7,46.43,0.05,-0.77,0.28,0.38,14.40,RAC-alpha serine/threonine-protein kinase,4490,N/A
MOL000098,quercetin,https://tcmsp-e.com/molecule.php?qn=98,302.25,1.50,5,7,46.43,0.05,-0.77,0.28,0.38,14.40,Vascular endothelial growth factor A,740,183
MOL000098,quercetin,https://tcmsp-e.com/molecule.php?qn=98,302.25,1.50,5,7,46.43,0.05,-0.77,0.28,0.38,14.40,G1/S-specific cyclin-D1,4214,N/A
MOL000098,quercetin,https://tcmsp-e.com/molecule.php?qn=98,302.25,1.50,5,7,46.43,0.05,-0.77,0.28,0.38,14.40,Apoptosis regulator Bcl-2,86,273
MOL000098,quercetin,https://tcmsp-e.com/molecule.php?qn=98,302.25,1.50,5,7,46.43,0.05,-0.77,0.28,0.38,14.40,Bcl-2-like protein 1,4054,N/A
MOL000098,quercetin,https://tcmsp-e.com/molecule.php?qn=98,302.25,1.50,5,7,46.43,0.05,-0.77,0.28,0.38,14.40,Proto-oncogene c-Fos,4478,N/A
MOL000098,quercetin,https://tcmsp-e.com/molecule.php?qn=98,302.25,1.50,5,7,46.43,0.05,-0.77,0.28,0.38,14.40,Cyclin-dependent kinase inhibitor 1,4141,N/A
MOL000098,quercetin,https://tcmsp-e.com/molecule.php?qn=98,302.25,1.50,5,7,46.43,0.05,-0.77,0.28,0.38,14.40,Eukaryotic translation initiation factor 6,4197,N/A
MOL000098,quercetin,https://tcmsp-e.com/molecule.php?qn=98,302.25,1.50,5,7,46.43,0.05,-0.77,0.28,0.38,14.40,Apoptosis regulator BAX,4033,N/A
MOL000098,quercetin,https://tcmsp-e.com/molecule.php?qn=98,302.25,1.50,5,7,46.43,0.05,-0.77,0.28,0.38,14.40,Caspase-9,4090,N/A
MOL000098,quercetin,https://tcmsp-e.com/molecule.php?qn=98,302.25,1.50,5,7,46.43,0.05,-0.77,0.28,0.38,14.40,Urokinase-type plasminogen activator,346,1074
MOL000098,quercetin,https://tcmsp-e.com/molecule.php?qn=98,302.25,1.50,5,7,46.43,0.05,-0.77,0.28,0.38,14.40,72 kDa type IV collagenase,238,707
MOL000098,quercetin,https://tcmsp-e.com/molecule.php?qn=98,302.25,1.50,5,7,46.43,0.05,-0.77,0.28,0.38,14.40,Matrix metalloproteinase-9,4334,N/A
MOL000098,quercetin,https://tcmsp-e.com/molecule.php?qn=98,302.25,1.50,5,7,46.43,0.05,-0.77,0.28,0.38,14.40,Mitogen-activated protein kinase 1,354,1176
MOL000098,quercetin,https://tcmsp-e.com/molecule.php?qn=98,302.25,1.50,5,7,46.43,0.05,-0.77,0.28,0.38,14.40,Interleukin-10,4292,N/A
MOL000098,quercetin,https://tcmsp-e.com/molecule.php?qn=98,302.25,1.50,5,7,46.43,0.05,-0.77,0.28,0.38,14.40,Pro-epidermal growth factor,734,1278
MOL000098,quercetin,https://tcmsp-e.com/molecule.php?qn=98,302.25,1.50,5,7,46.43,0.05,-0.77,0.28,0.38,14.40,Retinoblastoma-associated protein,2915,3846
MOL000098,quercetin,https://tcmsp-e.com/molecule.php?qn=98,302.25,1.50,5,7,46.43,0.05,-0.77,0.28,0.38,14.40,Tumor necrosis factor,265,777
MOL000098,quercetin,https://tcmsp-e.com/molecule.php?qn=98,302.25,1.50,5,7,46.43,0.05,-0.77,0.28,0.38,14.40,Transcription factor AP-1,414,1629
MOL000098,quercetin,https://tcmsp-e.com/molecule.php?qn=98,302.25,1.50,5,7,46.43,0.05,-0.77,0.28,0.38,14.40,Interleukin-6,351,1159
MOL000098,quercetin,https://tcmsp-e.com/molecule.php?qn=98,302.25,1.50,5,7,46.43,0.05,-0.77,0.28,0.38,14.40,"Cyclin-dependent kinase inhibitor 2A, isoforms 1/2/3",4144,N/A
MOL000098,quercetin,https://tcmsp-e.com/molecule.php?qn=98,302.25,1.50,5,7,46.43,0.05,-0.77,0.28,0.38,14.40,Activator of 90 kDa heat shock protein ATPase homolog 1,4007,N/A
MOL000098,quercetin,https://tcmsp-e.com/molecule.php?qn=98,302.25,1.50,5,7,46.43,0.05,-0.77,0.28,0.38,14.40,Caspase-3,4087,N/A
MOL000098,quercetin,https://tcmsp-e.com/molecule.php?qn=98,302.25,1.50,5,7,46.43,0.05,-0.77,0.28,0.38,14.40,Cellular tumor antigen p53,646,5788
MOL000098,quercetin,https://tcmsp-e.com/molecule.php?qn=98,302.25,1.50,5,7,46.43,0.05,-0.77,0.28,0.38,14.40,ETS domain-containing protein Elk-1,4194,N/A
MOL000098,quercetin,https://tcmsp-e.com/molecule.php?qn=98,302.25,1.50,5,7,46.43,0.05,-0.77,0.28,0.38,14.40,NF-kappa-B inhibitor alpha,4394,N/A
MOL000098,quercetin,https://tcmsp-e.com/molecule.php?qn=98,302.25,1.50,5,7,46.43,0.05,-0.77,0.28,0.38,14.40,NADPH--cytochrome P450 reductase,744,4120
MOL000098,quercetin,https://tcmsp-e.com/molecule.php?qn=98,302.25,1.50,5,7,46.43,0.05,-0.77,0.28,0.38,14.40,Ornithine decarboxylase,153,449
MOL000098,quercetin,https://tcmsp-e.com/molecule.php?qn=98,302.25,1.50,5,7,46.43,0.05,-0.77,0.28,0.38,14.40,Xanthine dehydrogenase/oxidase,568,3947
MOL000098,quercetin,https://tcmsp-e.com/molecule.php?qn=98,302.25,1.50,5,7,46.43,0.05,-0.77,0.28,0.38,14.40,Caspase-8,4089,N/A
MOL000098,quercetin,https://tcmsp-e.com/molecule.php?qn=98,302.25,1.50,5,7,46.43,0.05,-0.77,0.28,0.38,14.40,DNA topoisomerase 1,1293,3552
MOL000098,quercetin,https://tcmsp-e.com/molecule.php?qn=98,302.25,1.50,5,7,46.43,0.05,-0.77,0.28,0.38,14.40,RAF proto-oncogene serine/threonine-protein kinase,4491,N/A
MOL000098,quercetin,https://tcmsp-e.com/molecule.php?qn=98,302.25,1.50,5,7,46.43,0.05,-0.77,0.28,0.38,14.40,Superoxide dismutase [Cu-Zn],597,4152
MOL000098,quercetin,https://tcmsp-e.com/molecule.php?qn=98,302.25,1.50,5,7,46.43,0.05,-0.77,0.28,0.38,14.40,Protein kinase C alpha type,4469,N/A
MOL000098,quercetin,https://tcmsp-e.com/molecule.php?qn=98,302.25,1.50,5,7,46.43,0.05,-0.77,0.28,0.38,14.40,Interstitial collagenase,353,1167
MOL000098,quercetin,https://tcmsp-e.com/molecule.php?qn=98,302.25,1.50,5,7,46.43,0.05,-0.77,0.28,0.38,14.40,Hypoxia-inducible factor 1-alpha,4263,N/A
MOL000098,quercetin,https://tcmsp-e.com/molecule.php?qn=98,302.25,1.50,5,7,46.43,0.05,-0.77,0.28,0.38,14.40,Signal transducer and activator of transcription 1-alpha/beta,4525,N/A
MOL000098,quercetin,https://tcmsp-e.com/molecule.php?qn=98,302.25,1.50,5,7,46.43,0.05,-0.77,0.28,0.38,14.40,Protein CBFA2T1,4464,N/A
MOL000098,quercetin,https://tcmsp-e.com/molecule.php?qn=98,302.25,1.50,5,7,46.43,0.05,-0.77,0.28,0.38,14.40,Probable E3 ubiquitin-protein ligase HERC5,4441,N/A
MOL000098,quercetin,https://tcmsp-e.com/molecule.php?qn=98,302.25,1.50,5,7,46.43,0.05,-0.77,0.28,0.38,14.40,Cell division control protein 2 homolog,431,1771
MOL000098,quercetin,https://tcmsp-e.com/molecule.php?qn=98,302.25,1.50,5,7,46.43,0.05,-0.77,0.28,0.38,14.40,78 kDa glucose-regulated protein,2963,1847
MOL000098,quercetin,https://tcmsp-e.com/molecule.php?qn=98,302.25,1.50,5,7,46.43,0.05,-0.77,0.28,0.38,14.40,Receptor tyrosine-protein kinase erbB-2,4496,N/A
MOL000098,quercetin,https://tcmsp-e.com/molecule.php?qn=98,302.25,1.50,5,7,46.43,0.05,-0.77,0.28,0.38,14.40,Peroxisome proliferator-activated receptor gamma,4422,N/A
MOL000098,quercetin,https://tcmsp-e.com/molecule.php?qn=98,302.25,1.50,5,7,46.43,0.05,-0.77,0.28,0.38,14.40,Acetyl-CoA carboxylase 1,231,690
MOL000098,quercetin,https://tcmsp-e.com/molecule.php?qn=98,302.25,1.50,5,7,46.43,0.05,-0.77,0.28,0.38,14.40,Heme oxygenase 1,2132,3391
MOL000098,quercetin,https://tcmsp-e.com/molecule.php?qn=98,302.25,1.50,5,7,46.43,0.05,-0.77,0.28,0.38,14.40,Cytochrome P450 3A4,621,4512
MOL000098,quercetin,https://tcmsp-e.com/molecule.php?qn=98,302.25,1.50,5,7,46.43,0.05,-0.77,0.28,0.38,14.40,Cytochrome P450 1A2,724,4200
MOL000098,quercetin,https://tcmsp-e.com/molecule.php?qn=98,302.25,1.50,5,7,46.43,0.05,-0.77,0.28,0.38,14.40,Caveolin-1,4095,N/A
MOL000098,quercetin,https://tcmsp-e.com/molecule.php?qn=98,302.25,1.50,5,7,46.43,0.05,-0.77,0.28,0.38,14.40,Myc proto-oncogene protein,4372,N/A
MOL000098,quercetin,https://tcmsp-e.com/molecule.php?qn=98,302.25,1.50,5,7,46.43,0.05,-0.77,0.28,0.38,14.40,Tissue factor,466,2139
MOL000098,quercetin,https://tcmsp-e.com/molecule.php?qn=98,302.25,1.50,5,7,46.43,0.05,-0.77,0.28,0.38,14.40,Gap junction alpha-1 protein,436,1827
MOL000098,quercetin,https://tcmsp-e.com/molecule.php?qn=98,302.25,1.50,5,7,46.43,0.05,-0.77,0.28,0.38,14.40,Cytochrome P450 1A1,4149,N/A
MOL000098,quercetin,https://tcmsp-e.com/molecule.php?qn=98,302.25,1.50,5,7,46.43,0.05,-0.77,0.28,0.38,14.40,Intercellular adhesion molecule 1,4287,N/A
MOL000098,quercetin,https://tcmsp-e.com/molecule.php?qn=98,302.25,1.50,5,7,46.43,0.05,-0.77,0.28,0.38,14.40,Interleukin-1 beta,418,1654
MOL000098,quercetin,https://tcmsp-e.com/molecule.php?qn=98,302.25,1.50,5,7,46.43,0.05,-0.77,0.28,0.38,14.40,C-C motif chemokine 2,417,1649
MOL000098,quercetin,https://tcmsp-e.com/molecule.php?qn=98,302.25,1.50,5,7,46.43,0.05,-0.77,0.28,0.38,14.40,E-selectin,427,1756
MOL000098,quercetin,https://tcmsp-e.com/molecule.php?qn=98,302.25,1.50,5,7,46.43,0.05,-0.77,0.28,0.38,14.40,Vascular cell adhesion protein 1,440,1908
MOL000098,quercetin,https://tcmsp-e.com/molecule.php?qn=98,302.25,1.50,5,7,46.43,0.05,-0.77,0.28,0.38,14.40,Prostaglandin E2 receptor EP3 subtype,593,4131
MOL000098,quercetin,https://tcmsp-e.com/molecule.php?qn=98,302.25,1.50,5,7,46.43,0.05,-0.77,0.28,0.38,14.40,Interleukin-8,4303,N/A
MOL000098,quercetin,https://tcmsp-e.com/molecule.php?qn=98,302.25,1.50,5,7,46.43,0.05,-0.77,0.28,0.38,14.40,Protein kinase C beta type,4470,N/A
MOL000098,quercetin,https://tcmsp-e.com/molecule.php?qn=98,302.25,1.50,5,7,46.43,0.05,-0.77,0.28,0.38,14.40,Baculoviral IAP repeat-containing protein 5,4044,N/A
MOL000098,quercetin,https://tcmsp-e.com/molecule.php?qn=98,302.25,1.50,5,7,46.43,0.05,-0.77,0.28,0.38,14.40,Dual oxidase 2,4174,N/A
MOL000098,quercetin,https://tcmsp-e.com/molecule.php?qn=98,302.25,1.50,5,7,46.43,0.05,-0.77,0.28,0.38,14.40,"Nitric oxide synthase, endothelial",4395,N/A
MOL000098,quercetin,https://tcmsp-e.com/molecule.php?qn=98,302.25,1.50,5,7,46.43,0.05,-0.77,0.28,0.38,14.40,Heat shock protein beta-1,4247,N/A
MOL000098,quercetin,https://tcmsp-e.com/molecule.php?qn=98,302.25,1.50,5,7,46.43,0.05,-0.77,0.28,0.38,14.40,Transforming growth factor beta-1,4568,N/A
MOL000098,quercetin,https://tcmsp-e.com/molecule.php?qn=98,302.25,1.50,5,7,46.43,0.05,-0.77,0.28,0.38,14.40,Estrogen sulfotransferase,781,1275
MOL000098,quercetin,https://tcmsp-e.com/molecule.php?qn=98,302.25,1.50,5,7,46.43,0.05,-0.77,0.28,0.38,14.40,"Maltase-glucoamylase, intestinal",318,929
MOL000098,quercetin,https://tcmsp-e.com/molecule.php?qn=98,302.25,1.50,5,7,46.43,0.05,-0.77,0.28,0.38,14.40,Interleukin-2,3978,1575
MOL000098,quercetin,https://tcmsp-e.com/molecule.php?qn=98,302.25,1.50,5,7,46.43,0.05,-0.77,0.28,0.38,14.40,Nuclear receptor subfamily 1 group I member 2,4403,N/A
MOL000098,quercetin,https://tcmsp-e.com/molecule.php?qn=98,302.25,1.50,5,7,46.43,0.05,-0.77,0.28,0.38,14.40,Cytochrome P450 1B1,4150,N/A
MOL000098,quercetin,https://tcmsp-e.com/molecule.php?qn=98,302.25,1.50,5,7,46.43,0.05,-0.77,0.28,0.38,14.40,G2/mitotic-specific cyclin-B1,4219,N/A
MOL000098,quercetin,https://tcmsp-e.com/molecule.php?qn=98,302.25,1.50,5,7,46.43,0.05,-0.77,0.28,0.38,14.40,Tissue-type plasminogen activator,434,1792
MOL000098,quercetin,https://tcmsp-e.com/molecule.php?qn=98,302.25,1.50,5,7,46.43,0.05,-0.77,0.28,0.38,14.40,Thrombomodulin,457,2021
MOL000098,quercetin,https://tcmsp-e.com/molecule.php?qn=98,302.25,1.50,5,7,46.43,0.05,-0.77,0.28,0.38,14.40,Plasminogen activator inhibitor 1,4429,N/A
MOL000098,quercetin,https://tcmsp-e.com/molecule.php?qn=98,302.25,1.50,5,7,46.43,0.05,-0.77,0.28,0.38,14.40,Collagen alpha-1(I) chain,731,28
MOL000098,quercetin,https://tcmsp-e.com/molecule.php?qn=98,302.25,1.50,5,7,46.43,0.05,-0.77,0.28,0.38,14.40,Interferon gamma,365,1253
MOL000098,quercetin,https://tcmsp-e.com/molecule.php?qn=98,302.25,1.50,5,7,46.43,0.05,-0.77,0.28,0.38,14.40,Arachidonate 5-lipoxygenase,88,275
MOL000098,quercetin,https://tcmsp-e.com/molecule.php?qn=98,302.25,1.50,5,7,46.43,0.05,-0.77,0.28,0.38,14.40,"Phosphatidylinositol-3,4,5-trisphosphate 3-phosphatase and dual-specificity protein phosphatase PTEN",4620,N/A
MOL000098,quercetin,https://tcmsp-e.com/molecule.php?qn=98,302.25,1.50,5,7,46.43,0.05,-0.77,0.28,0.38,14.40,Interleukin-1 alpha,4297,N/A
MOL000098,quercetin,https://tcmsp-e.com/molecule.php?qn=98,302.25,1.50,5,7,46.43,0.05,-0.77,0.28,0.38,14.40,Myeloperoxidase,428,1757
MOL000098,quercetin,https://tcmsp-e.com/molecule.php?qn=98,302.25,1.50,5,7,46.43,0.05,-0.77,0.28,0.38,14.40,DNA topoisomerase 2-alpha,4172,N/A
MOL000098,quercetin,https://tcmsp-e.com/molecule.php?qn=98,302.25,1.50,5,7,46.43,0.05,-0.77,0.28,0.38,14.40,Neutrophil cytosol factor 1,4391,N/A
MOL000098,quercetin,https://tcmsp-e.com/molecule.php?qn=98,302.25,1.50,5,7,46.43,0.05,-0.77,0.28,0.38,14.40,ATP-binding cassette sub-family G member 2,4038,N/A
MOL000098,quercetin,https://tcmsp-e.com/molecule.php?qn=98,302.25,1.50,5,7,46.43,0.05,-0.77,0.28,0.38,14.40,Hyaluronan synthase 2,4262,N/A
MOL000098,quercetin,https://tcmsp-e.com/molecule.php?qn=98,302.25,1.50,5,7,46.43,0.05,-0.77,0.28,0.38,14.40,Glutathione S-transferase P,733,904
MOL000098,quercetin,https://tcmsp-e.com/molecule.php?qn=98,302.25,1.50,5,7,46.43,0.05,-0.77,0.28,0.38,14.40,Nuclear factor erythroid 2-related factor 2,4398,N/A
MOL000098,quercetin,https://tcmsp-e.com/molecule.php?qn=98,302.25,1.50,5,7,46.43,0.05,-0.77,0.28,0.38,14.40,NAD(P)H dehydrogenase [quinone] 1,470,2157
MOL000098,quercetin,https://tcmsp-e.com/molecule.php?qn=98,302.25,1.50,5,7,46.43,0.05,-0.77,0.28,0.38,14.40,Poly [ADP-ribose] polymerase 1,4435,N/A
MOL000098,quercetin,https://tcmsp-e.com/molecule.php?qn=98,302.25,1.50,5,7,46.43,0.05,-0.77,0.28,0.38,14.40,Aryl hydrocarbon receptor,3204,6220
MOL000098,quercetin,https://tcmsp-e.com/molecule.php?qn=98,302.25,1.50,5,7,46.43,0.05,-0.77,0.28,0.38,14.40,26S proteasome non-ATPase regulatory subunit 3,3993,N/A
MOL000098,quercetin,https://tcmsp-e.com/molecule.php?qn=98,302.25,1.50,5,7,46.43,0.05,-0.77,0.28,0.38,14.40,"Solute carrier family 2, facilitated glucose transporter member 4",4535,N/A
MOL000098,quercetin,https://tcmsp-e.com/molecule.php?qn=98,302.25,1.50,5,7,46.43,0.05,-0.77,0.28,0.38,14.40,Collagen alpha-1(III) chain,2885,3853
MOL000098,quercetin,https://tcmsp-e.com/molecule.php?qn=98,302.25,1.50,5,7,46.43,0.05,-0.77,0.28,0.38,14.40,DNA gyrase subunit B,1366,4150
MOL000098,quercetin,https://tcmsp-e.com/molecule.php?qn=98,302.25,1.50,5,7,46.43,0.05,-0.77,0.28,0.38,14.40,C-X-C motif chemokine 11,4137,N/A
MOL000098,quercetin,https://tcmsp-e.com/molecule.php?qn=98,302.25,1.50,5,7,46.43,0.05,-0.77,0.28,0.38,14.40,C-X-C motif chemokine 2,4138,N/A
MOL000098,quercetin,https://tcmsp-e.com/molecule.php?qn=98,302.25,1.50,5,7,46.43,0.05,-0.77,0.28,0.38,14.40,DDB1- and CUL4-associated factor 5,4159,N/A
MOL000098,quercetin,https://tcmsp-e.com/molecule.php?qn=98,302.25,1.50,5,7,46.43,0.05,-0.77,0.28,0.38,14.40,Nuclear receptor subfamily 1 group I member 3,4404,N/A
MOL000098,quercetin,https://tcmsp-e.com/molecule.php?qn=98,302.25,1.50,5,7,46.43,0.05,-0.77,0.28,0.38,14.40,Serine/threonine-protein kinase Chk2,4513,N/A
MOL000098,quercetin,https://tcmsp-e.com/molecule.php?qn=98,302.25,1.50,5,7,46.43,0.05,-0.77,0.28,0.38,14.40,Insulin receptor,11,36
MOL000098,quercetin,https://tcmsp-e.com/molecule.php?qn=98,302.25,1.50,5,7,46.43,0.05,-0.77,0.28,0.38,14.40,Claudin-4,4125,N/A
MOL000098,quercetin,https://tcmsp-e.com/molecule.php?qn=98,302.25,1.50,5,7,46.43,0.05,-0.77,0.28,0.38,14.40,Peroxisome proliferator-activated receptor alpha,4420,N/A
MOL000098,quercetin,https://tcmsp-e.com/molecule.php?qn=98,302.25,1.50,5,7,46.43,0.05,-0.77,0.28,0.38,14.40,Peroxisome proliferator-activated receptor delta,4421,N/A
MOL000098,quercetin,https://tcmsp-e.com/molecule.php?qn=98,302.25,1.50,5,7,46.43,0.05,-0.77,0.28,0.38,14.40,Heat shock factor protein 1,4246,N/A
MOL000098,quercetin,https://tcmsp-e.com/molecule.php?qn=98,302.25,1.50,5,7,46.43,0.05,-0.77,0.28,0.38,14.40,C-reactive protein,4130,N/A
MOL000098,quercetin,https://tcmsp-e.com/molecule.php?qn=98,302.25,1.50,5,7,46.43,0.05,-0.77,0.28,0.38,14.40,C-X-C motif chemokine 10,4136,N/A
MOL000098,quercetin,https://tcmsp-e.com/molecule.php?qn=98,302.25,1.50,5,7,46.43,0.05,-0.77,0.28,0.38,14.40,Inhibitor of nuclear factor kappa-B kinase subunit alpha,4270,N/A
MOL000098,quercetin,https://tcmsp-e.com/molecule.php?qn=98,302.25,1.50,5,7,46.43,0.05,-0.77,0.28,0.38,14.40,Osteopontin,4411,N/A
MOL000098,quercetin,https://tcmsp-e.com/molecule.php?qn=98,302.25,1.50,5,7,46.43,0.05,-0.77,0.28,0.38,14.40,Runt-related transcription factor 2,4505,N/A
MOL000098,quercetin,https://tcmsp-e.com/molecule.php?qn=98,302.25,1.50,5,7,46.43,0.05,-0.77,0.28,0.38,14.40,Ras association domain-containing protein 1,4492,N/A
MOL000098,quercetin,https://tcmsp-e.com/molecule.php?qn=98,302.25,1.50,5,7,46.43,0.05,-0.77,0.28,0.38,14.40,Transcription factor E2F1,4560,N/A
MOL000098,quercetin,https://tcmsp-e.com/molecule.php?qn=98,302.25,1.50,5,7,46.43,0.05,-0.77,0.28,0.38,14.40,Transcription factor E2F2,4561,N/A
MOL000098,quercetin,https://tcmsp-e.com/molecule.php?qn=98,302.25,1.50,5,7,46.43,0.05,-0.77,0.28,0.38,14.40,Prostatic acid phosphatase,2998,1859
MOL000098,quercetin,https://tcmsp-e.com/molecule.php?qn=98,302.25,1.50,5,7,46.43,0.05,-0.77,0.28,0.38,14.40,Cathepsin D,363,1243
MOL000098,quercetin,https://tcmsp-e.com/molecule.php?qn=98,302.25,1.50,5,7,46.43,0.05,-0.77,0.28,0.38,14.40,Insulin-like growth factor-binding protein 3,4276,N/A
MOL000098,quercetin,https://tcmsp-e.com/molecule.php?qn=98,302.25,1.50,5,7,46.43,0.05,-0.77,0.28,0.38,14.40,Insulin-like growth factor II,4279,N/A
MOL000098,quercetin,https://tcmsp-e.com/molecule.php?qn=98,302.25,1.50,5,7,46.43,0.05,-0.77,0.28,0.38,14.40,CD40 ligand,4107,N/A
MOL000098,quercetin,https://tcmsp-e.com/molecule.php?qn=98,302.25,1.50,5,7,46.43,0.05,-0.77,0.28,0.38,14.40,Interferon regulatory factor 1,4290,N/A
MOL000098,quercetin,https://tcmsp-e.com/molecule.php?qn=98,302.25,1.50,5,7,46.43,0.05,-0.77,0.28,0.38,14.40,Receptor tyrosine-protein kinase erbB-3,4497,N/A
MOL000098,quercetin,https://tcmsp-e.com/molecule.php?qn=98,302.25,1.50,5,7,46.43,0.05,-0.77,0.28,0.38,14.40,Serum paraoxonase/arylesterase 1,357,1198
MOL000098,quercetin,https://tcmsp-e.com/molecule.php?qn=98,302.25,1.50,5,7,46.43,0.05,-0.77,0.28,0.38,14.40,Type I iodothyronine deiodinase,4589,N/A
MOL000098,quercetin,https://tcmsp-e.com/molecule.php?qn=98,302.25,1.50,5,7,46.43,0.05,-0.77,0.28,0.38,14.40,Procollagen C-endopeptidase enhancer 1,4443,N/A
MOL000098,quercetin,https://tcmsp-e.com/molecule.php?qn=98,302.25,1.50,5,7,46.43,0.05,-0.77,0.28,0.38,14.40,Puromycin-sensitive aminopeptidase,4484,N/A
MOL000098,quercetin,https://tcmsp-e.com/molecule.php?qn=98,302.25,1.50,5,7,46.43,0.05,-0.77,0.28,0.38,14.40,Hexokinase-2,4252,N/A
MOL000098,quercetin,https://tcmsp-e.com/molecule.php?qn=98,302.25,1.50,5,7,46.43,0.05,-0.77,0.28,0.38,14.40,Homeobox protein Nkx-3.1,4259,N/A
MOL000098,quercetin,https://tcmsp-e.com/molecule.php?qn=98,302.25,1.50,5,7,46.43,0.05,-0.77,0.28,0.38,14.40,Ras GTPase-activating protein 1,4493,N/A
MOL000098,quercetin,https://tcmsp-e.com/molecule.php?qn=98,302.25,1.50,5,7,46.43,0.05,-0.77,0.28,0.38,14.40,Peroxidase C1A,4418,N/A
MOL000098,quercetin,https://tcmsp-e.com/molecule.php?qn=98,302.25,1.50,5,7,46.43,0.05,-0.77,0.28,0.38,14.40,Glutathione S-transferase Mu 1,2952,896
MOL000098,quercetin,https://tcmsp-e.com/molecule.php?qn=98,302.25,1.50,5,7,46.43,0.05,-0.77,0.28,0.38,14.40,Glutathione S-transferase Mu 2,3688,2165
MOL000358,beta-sitosterol,https://tcmsp-e.com/molecule.php?qn=358,414.79,8.08,1,1,36.91,1.32,0.99,0.75,0.23,5.36,Progesterone receptor,209,614
MOL000358,beta-sitosterol,https://tcmsp-e.com/molecule.php?qn=358,414.79,8.08,1,1,36.91,1.32,0.99,0.75,0.23,5.36,Nuclear receptor coactivator 2,3276,6241
MOL000358,beta-sitosterol,https://tcmsp-e.com/molecule.php?qn=358,414.79,8.08,1,1,36.91,1.32,0.99,0.75,0.23,5.36,Prostaglandin G/H synthase 1,6,20
MOL000358,beta-sitosterol,https://tcmsp-e.com/molecule.php?qn=358,414.79,8.08,1,1,36.91,1.32,0.99,0.75,0.23,5.36,Prostaglandin G/H synthase 2,94,290
MOL000358,beta-sitosterol,https://tcmsp-e.com/molecule.php?qn=358,414.79,8.08,1,1,36.91,1.32,0.99,0.75,0.23,5.36,Heat shock protein HSP 90,444,1939
MOL000358,beta-sitosterol,https://tcmsp-e.com/molecule.php?qn=358,414.79,8.08,1,1,36.91,1.32,0.99,0.75,0.23,5.36,"Phosphatidylinositol-4,5-bisphosphate 3-kinase catalytic subunit, gamma isoform",491,2404
MOL000358,beta-sitosterol,https://tcmsp-e.com/molecule.php?qn=358,414.79,8.08,1,1,36.91,1.32,0.99,0.75,0.23,5.36,Potassium voltage-gated channel subfamily H member 2,37,101
MOL000358,beta-sitosterol,https://tcmsp-e.com/molecule.php?qn=358,414.79,8.08,1,1,36.91,1.32,0.99,0.75,0.23,5.36,mRNA of PKA Catalytic Subunit C-alpha,699,6263
MOL000358,beta-sitosterol,https://tcmsp-e.com/molecule.php?qn=358,414.79,8.08,1,1,36.91,1.32,0.99,0.75,0.23,5.36,Dopamine D1 receptor,7,23
MOL000358,beta-sitosterol,https://tcmsp-e.com/molecule.php?qn=358,414.79,8.08,1,1,36.91,1.32,0.99,0.75,0.23,5.36,Muscarinic acetylcholine receptor M3,16,51
MOL000358,beta-sitosterol,https://tcmsp-e.com/molecule.php?qn=358,414.79,8.08,1,1,36.91,1.32,0.99,0.75,0.23,5.36,Muscarinic acetylcholine receptor M1,38,103
MOL000358,beta-sitosterol,https://tcmsp-e.com/molecule.php?qn=358,414.79,8.08,1,1,36.91,1.32,0.99,0.75,0.23,5.36,Sodium channel protein type 5 subunit alpha,70,220
MOL000358,beta-sitosterol,https://tcmsp-e.com/molecule.php?qn=358,414.79,8.08,1,1,36.91,1.32,0.99,0.75,0.23,5.36,Gamma-aminobutyric-acid receptor alpha-2 subunit,141,423
MOL000358,beta-sitosterol,https://tcmsp-e.com/molecule.php?qn=358,414.79,8.08,1,1,36.91,1.32,0.99,0.75,0.23,5.36,Muscarinic acetylcholine receptor M4,154,450
MOL000358,beta-sitosterol,https://tcmsp-e.com/molecule.php?qn=358,414.79,8.08,1,1,36.91,1.32,0.99,0.75,0.23,5.36,"CGMP-inhibited 3',5'-cyclic phosphodiesterase A",172,485
MOL000358,beta-sitosterol,https://tcmsp-e.com/molecule.php?qn=358,414.79,8.08,1,1,36.91,1.32,0.99,0.75,0.23,5.36,5-hydroxytryptamine 2A receptor,175,502
MOL000358,beta-sitosterol,https://tcmsp-e.com/molecule.php?qn=358,414.79,8.08,1,1,36.91,1.32,0.99,0.75,0.23,5.36,Gamma-aminobutyric-acid receptor alpha-5 subunit,181,523
MOL000358,beta-sitosterol,https://tcmsp-e.com/molecule.php?qn=358,414.79,8.08,1,1,36.91,1.32,0.99,0.75,0.23,5.36,Alpha-1A adrenergic receptor,191,556
MOL000358,beta-sitosterol,https://tcmsp-e.com/molecule.php?qn=358,414.79,8.08,1,1,36.91,1.32,0.99,0.75,0.23,5.36,Gamma-aminobutyric-acid receptor alpha-3 subunit,200,580
MOL000358,beta-sitosterol,https://tcmsp-e.com/molecule.php?qn=358,414.79,8.08,1,1,36.91,1.32,0.99,0.75,0.23,5.36,Muscarinic acetylcholine receptor M2,210,617
MOL000358,beta-sitosterol,https://tcmsp-e.com/molecule.php?qn=358,414.79,8.08,1,1,36.91,1.32,0.99,0.75,0.23,5.36,Alpha-1B adrenergic receptor,216,632
MOL000358,beta-sitosterol,https://tcmsp-e.com/molecule.php?qn=358,414.79,8.08,1,1,36.91,1.32,0.99,0.75,0.23,5.36,Beta-2 adrenergic receptor,261,766
MOL000358,beta-sitosterol,https://tcmsp-e.com/molecule.php?qn=358,414.79,8.08,1,1,36.91,1.32,0.99,0.75,0.23,5.36,Neuronal acetylcholine receptor subunit alpha-2,284,813
MOL000358,beta-sitosterol,https://tcmsp-e.com/molecule.php?qn=358,414.79,8.08,1,1,36.91,1.32,0.99,0.75,0.23,5.36,Sodium-dependent serotonin transporter,290,824
MOL000358,beta-sitosterol,https://tcmsp-e.com/molecule.php?qn=358,414.79,8.08,1,1,36.91,1.32,0.99,0.75,0.23,5.36,Mu-type opioid receptor,299,847
MOL000358,beta-sitosterol,https://tcmsp-e.com/molecule.php?qn=358,414.79,8.08,1,1,36.91,1.32,0.99,0.75,0.23,5.36,Gamma-aminobutyric acid receptor subunit alpha-1,309,872
MOL000358,beta-sitosterol,https://tcmsp-e.com/molecule.php?qn=358,414.79,8.08,1,1,36.91,1.32,0.99,0.75,0.23,5.36,"Neuronal acetylcholine receptor protein, alpha-7 chain",581,4095
MOL000358,beta-sitosterol,https://tcmsp-e.com/molecule.php?qn=358,414.79,8.08,1,1,36.91,1.32,0.99,0.75,0.23,5.36,Cytochrome P450-cam,1143,2298
MOL000358,beta-sitosterol,https://tcmsp-e.com/molecule.php?qn=358,414.79,8.08,1,1,36.91,1.32,0.99,0.75,0.23,5.36,Apoptosis regulator Bcl-2,86,273
MOL000358,beta-sitosterol,https://tcmsp-e.com/molecule.php?qn=358,414.79,8.08,1,1,36.91,1.32,0.99,0.75,0.23,5.36,Apoptosis regulator BAX,4033,N/A
MOL000358,beta-sitosterol,https://tcmsp-e.com/molecule.php?qn=358,414.79,8.08,1,1,36.91,1.32,0.99,0.75,0.23,5.36,Caspase-9,4090,N/A
MOL000358,beta-sitosterol,https://tcmsp-e.com/molecule.php?qn=358,414.79,8.08,1,1,36.91,1.32,0.99,0.75,0.23,5.36,Transcription factor AP-1,414,1629
MOL000358,beta-sitosterol,https://tcmsp-e.com/molecule.php?qn=358,414.79,8.08,1,1,36.91,1.32,0.99,0.75,0.23,5.36,Caspase-3,4087,N/A
MOL000358,beta-sitosterol,https://tcmsp-e.com/molecule.php?qn=358,414.79,8.08,1,1,36.91,1.32,0.99,0.75,0.23,5.36,Caspase-8,4089,N/A
MOL000358,beta-sitosterol,https://tcmsp-e.com/molecule.php?qn=358,414.79,8.08,1,1,36.91,1.32,0.99,0.75,0.23,5.36,Protein kinase C alpha type,4469,N/A
MOL000358,beta-sitosterol,https://tcmsp-e.com/molecule.php?qn=358,414.79,8.08,1,1,36.91,1.32,0.99,0.75,0.23,5.36,Transforming growth factor beta-1,4568,N/A
MOL000358,beta-sitosterol,https://tcmsp-e.com/molecule.php?qn=358,414.79,8.08,1,1,36.91,1.32,0.99,0.75,0.23,5.36,Serum paraoxonase/arylesterase 1,357,1198
MOL000358,beta-sitosterol,https://tcmsp-e.com/molecule.php?qn=358,414.79,8.08,1,1,36.91,1.32,0.99,0.75,0.23,5.36,Microtubule-associated protein 2,3987,1852
MOL000422,kaempferol,https://tcmsp-e.com/molecule.php?qn=422,286.25,1.77,4,6,41.88,0.26,-0.55,0.24,0.00,14.74,"Nitric oxide synthase, inducible",3,7
MOL000422,kaempferol,https://tcmsp-e.com/molecule.php?qn=422,286.25,1.77,4,6,41.88,0.26,-0.55,0.24,0.00,14.74,Prostaglandin G/H synthase 1,6,20
MOL000422,kaempferol,https://tcmsp-e.com/molecule.php?qn=422,286.25,1.77,4,6,41.88,0.26,-0.55,0.24,0.00,14.74,Androgen receptor,48,146
MOL000422,kaempferol,https://tcmsp-e.com/molecule.php?qn=422,286.25,1.77,4,6,41.88,0.26,-0.55,0.24,0.00,14.74,Peroxisome proliferator activated receptor gamma,78,238
MOL000422,kaempferol,https://tcmsp-e.com/molecule.php?qn=422,286.25,1.77,4,6,41.88,0.26,-0.55,0.24,0.00,14.74,Prostaglandin G/H synthase 2,94,290
MOL000422,kaempferol,https://tcmsp-e.com/molecule.php?qn=422,286.25,1.77,4,6,41.88,0.26,-0.55,0.24,0.00,14.74,Heat shock protein HSP 90,444,1939
MOL000422,kaempferol,https://tcmsp-e.com/molecule.php?qn=422,286.25,1.77,4,6,41.88,0.26,-0.55,0.24,0.00,14.74,"Phosphatidylinositol-4,5-bisphosphate 3-kinase catalytic subunit, gamma isoform",491,2404
MOL000422,kaempferol,https://tcmsp-e.com/molecule.php?qn=422,286.25,1.77,4,6,41.88,0.26,-0.55,0.24,0.00,14.74,mRNA of PKA Catalytic Subunit C-alpha,699,6263
MOL000422,kaempferol,https://tcmsp-e.com/molecule.php?qn=422,286.25,1.77,4,6,41.88,0.26,-0.55,0.24,0.00,14.74,Nuclear receptor coactivator 2,3276,6241
MOL000422,kaempferol,https://tcmsp-e.com/molecule.php?qn=422,286.25,1.77,4,6,41.88,0.26,-0.55,0.24,0.00,14.74,Dipeptidyl peptidase IV,332,952
MOL000422,kaempferol,https://tcmsp-e.com/molecule.php?qn=422,286.25,1.77,4,6,41.88,0.26,-0.55,0.24,0.00,14.74,Trypsin-1,2928,3176
MOL000422,kaempferol,https://tcmsp-e.com/molecule.php?qn=422,286.25,1.77,4,6,41.88,0.26,-0.55,0.24,0.00,14.74,Progesterone receptor,209,614
MOL000422,kaempferol,https://tcmsp-e.com/molecule.php?qn=422,286.25,1.77,4,6,41.88,0.26,-0.55,0.24,0.00,14.74,Thrombin,17,54
MOL000422,kaempferol,https://tcmsp-e.com/molecule.php?qn=422,286.25,1.77,4,6,41.88,0.26,-0.55,0.24,0.00,14.74,Muscarinic acetylcholine receptor M1,38,103
MOL000422,kaempferol,https://tcmsp-e.com/molecule.php?qn=422,286.25,1.77,4,6,41.88,0.26,-0.55,0.24,0.00,14.74,"Nitric-oxide synthase, endothelial",95,291
MOL000422,kaempferol,https://tcmsp-e.com/molecule.php?qn=422,286.25,1.77,4,6,41.88,0.26,-0.55,0.24,0.00,14.74,Gamma-aminobutyric-acid receptor alpha-2 subunit,141,423
MOL000422,kaempferol,https://tcmsp-e.com/molecule.php?qn=422,286.25,1.77,4,6,41.88,0.26,-0.55,0.24,0.00,14.74,Acetylcholinesterase,165,474
MOL000422,kaempferol,https://tcmsp-e.com/molecule.php?qn=422,286.25,1.77,4,6,41.88,0.26,-0.55,0.24,0.00,14.74,Sodium-dependent noradrenaline transporter,186,540
MOL000422,kaempferol,https://tcmsp-e.com/molecule.php?qn=422,286.25,1.77,4,6,41.88,0.26,-0.55,0.24,0.00,14.74,Muscarinic acetylcholine receptor M2,210,617
MOL000422,kaempferol,https://tcmsp-e.com/molecule.php?qn=422,286.25,1.77,4,6,41.88,0.26,-0.55,0.24,0.00,14.74,Alpha-1B adrenergic receptor,216,632
MOL000422,kaempferol,https://tcmsp-e.com/molecule.php?qn=422,286.25,1.77,4,6,41.88,0.26,-0.55,0.24,0.00,14.74,Gamma-aminobutyric acid receptor subunit alpha-1,309,872
MOL000422,kaempferol,https://tcmsp-e.com/molecule.php?qn=422,286.25,1.77,4,6,41.88,0.26,-0.55,0.24,0.00,14.74,DNA topoisomerase II,287,817
MOL000422,kaempferol,https://tcmsp-e.com/molecule.php?qn=422,286.25,1.77,4,6,41.88,0.26,-0.55,0.24,0.00,14.74,Coagulation factor VII,123,369
MOL000422,kaempferol,https://tcmsp-e.com/molecule.php?qn=422,286.25,1.77,4,6,41.88,0.26,-0.55,0.24,0.00,14.74,Calmodulin,3907,465
MOL000422,kaempferol,https://tcmsp-e.com/molecule.php?qn=422,286.25,1.77,4,6,41.88,0.26,-0.55,0.24,0.00,14.74,Transcription factor p65,4565,N/A
MOL000422,kaempferol,https://tcmsp-e.com/molecule.php?qn=422,286.25,1.77,4,6,41.88,0.26,-0.55,0.24,0.00,14.74,Inhibitor of nuclear factor kappa-B kinase subunit beta,4271,N/A
MOL000422,kaempferol,https://tcmsp-e.com/molecule.php?qn=422,286.25,1.77,4,6,41.88,0.26,-0.55,0.24,0.00,14.74,RAC-alpha serine/threonine-protein kinase,4490,N/A
MOL000422,kaempferol,https://tcmsp-e.com/molecule.php?qn=422,286.25,1.77,4,6,41.88,0.26,-0.55,0.24,0.00,14.74,Apoptosis regulator Bcl-2,86,273
MOL000422,kaempferol,https://tcmsp-e.com/molecule.php?qn=422,286.25,1.77,4,6,41.88,0.26,-0.55,0.24,0.00,14.74,Apoptosis regulator BAX,4033,N/A
MOL000422,kaempferol,https://tcmsp-e.com/molecule.php?qn=422,286.25,1.77,4,6,41.88,0.26,-0.55,0.24,0.00,14.74,Tumor necrosis factor,265,777
MOL000422,kaempferol,https://tcmsp-e.com/molecule.php?qn=422,286.25,1.77,4,6,41.88,0.26,-0.55,0.24,0.00,14.74,Transcription factor AP-1,414,1629
MOL000422,kaempferol,https://tcmsp-e.com/molecule.php?qn=422,286.25,1.77,4,6,41.88,0.26,-0.55,0.24,0.00,14.74,Activator of 90 kDa heat shock protein ATPase homolog 1,4007,N/A
MOL000422,kaempferol,https://tcmsp-e.com/molecule.php?qn=422,286.25,1.77,4,6,41.88,0.26,-0.55,0.24,0.00,14.74,Caspase-3,4087,N/A
MOL000422,kaempferol,https://tcmsp-e.com/molecule.php?qn=422,286.25,1.77,4,6,41.88,0.26,-0.55,0.24,0.00,14.74,Mitogen-activated protein kinase 8,704,6292
MOL000422,kaempferol,https://tcmsp-e.com/molecule.php?qn=422,286.25,1.77,4,6,41.88,0.26,-0.55,0.24,0.00,14.74,Xanthine dehydrogenase/oxidase,568,3947
MOL000422,kaempferol,https://tcmsp-e.com/molecule.php?qn=422,286.25,1.77,4,6,41.88,0.26,-0.55,0.24,0.00,14.74,Interstitial collagenase,353,1167
MOL000422,kaempferol,https://tcmsp-e.com/molecule.php?qn=422,286.25,1.77,4,6,41.88,0.26,-0.55,0.24,0.00,14.74,Signal transducer and activator of transcription 1-alpha/beta,4525,N/A
MOL000422,kaempferol,https://tcmsp-e.com/molecule.php?qn=422,286.25,1.77,4,6,41.88,0.26,-0.55,0.24,0.00,14.74,Cell division control protein 2 homolog,431,1771
MOL000422,kaempferol,https://tcmsp-e.com/molecule.php?qn=422,286.25,1.77,4,6,41.88,0.26,-0.55,0.24,0.00,14.74,Peroxisome proliferator-activated receptor gamma,4422,N/A
MOL000422,kaempferol,https://tcmsp-e.com/molecule.php?qn=422,286.25,1.77,4,6,41.88,0.26,-0.55,0.24,0.00,14.74,Heme oxygenase 1,2132,3391
MOL000422,kaempferol,https://tcmsp-e.com/molecule.php?qn=422,286.25,1.77,4,6,41.88,0.26,-0.55,0.24,0.00,14.74,Cytochrome P450 3A4,621,4512
MOL000422,kaempferol,https://tcmsp-e.com/molecule.php?qn=422,286.25,1.77,4,6,41.88,0.26,-0.55,0.24,0.00,14.74,Cytochrome P450 1A2,724,4200
MOL000422,kaempferol,https://tcmsp-e.com/molecule.php?qn=422,286.25,1.77,4,6,41.88,0.26,-0.55,0.24,0.00,14.74,Cytochrome P450 1A1,4149,N/A
MOL000422,kaempferol,https://tcmsp-e.com/molecule.php?qn=422,286.25,1.77,4,6,41.88,0.26,-0.55,0.24,0.00,14.74,Intercellular adhesion molecule 1,4287,N/A
MOL000422,kaempferol,https://tcmsp-e.com/molecule.php?qn=422,286.25,1.77,4,6,41.88,0.26,-0.55,0.24,0.00,14.74,E-selectin,427,1756
MOL000422,kaempferol,https://tcmsp-e.com/molecule.php?qn=422,286.25,1.77,4,6,41.88,0.26,-0.55,0.24,0.00,14.74,Vascular cell adhesion protein 1,440,1908
MOL000422,kaempferol,https://tcmsp-e.com/molecule.php?qn=422,286.25,1.77,4,6,41.88,0.26,-0.55,0.24,0.00,14.74,Nuclear receptor subfamily 1 group I member 2,4403,N/A
MOL000422,kaempferol,https://tcmsp-e.com/molecule.php?qn=422,286.25,1.77,4,6,41.88,0.26,-0.55,0.24,0.00,14.74,Cytochrome P450 1B1,4150,N/A
MOL000422,kaempferol,https://tcmsp-e.com/molecule.php?qn=422,286.25,1.77,4,6,41.88,0.26,-0.55,0.24,0.00,14.74,Arachidonate 5-lipoxygenase,88,275
MOL000422,kaempferol,https://tcmsp-e.com/molecule.php?qn=422,286.25,1.77,4,6,41.88,0.26,-0.55,0.24,0.00,14.74,Hyaluronan synthase 2,4262,N/A
MOL000422,kaempferol,https://tcmsp-e.com/molecule.php?qn=422,286.25,1.77,4,6,41.88,0.26,-0.55,0.24,0.00,14.74,Glutathione S-transferase P,733,904
MOL000422,kaempferol,https://tcmsp-e.com/molecule.php?qn=422,286.25,1.77,4,6,41.88,0.26,-0.55,0.24,0.00,14.74,Aryl hydrocarbon receptor,3204,6220
MOL000422,kaempferol,https://tcmsp-e.com/molecule.php?qn=422,286.25,1.77,4,6,41.88,0.26,-0.55,0.24,0.00,14.74,26S proteasome non-ATPase regulatory subunit 3,3993,N/A
MOL000422,kaempferol,https://tcmsp-e.com/molecule.php?qn=422,286.25,1.77,4,6,41.88,0.26,-0.55,0.24,0.00,14.74,"Solute carrier family 2, facilitated glucose transporter member 4",4535,N/A
MOL000422,kaempferol,https://tcmsp-e.com/molecule.php?qn=422,286.25,1.77,4,6,41.88,0.26,-0.55,0.24,0.00,14.74,Nuclear receptor subfamily 1 group I member 3,4404,N/A
MOL000422,kaempferol,https://tcmsp-e.com/molecule.php?qn=422,286.25,1.77,4,6,41.88,0.26,-0.55,0.24,0.00,14.74,Insulin receptor,11,36
MOL000422,kaempferol,https://tcmsp-e.com/molecule.php?qn=422,286.25,1.77,4,6,41.88,0.26,-0.55,0.24,0.00,14.74,Type I iodothyronine deiodinase,4589,N/A
MOL000422,kaempferol,https://tcmsp-e.com/molecule.php?qn=422,286.25,1.77,4,6,41.88,0.26,-0.55,0.24,0.00,14.74,Serine/threonine-protein phosphatase 2B catalytic subunit alpha isoform,3971,6746
MOL000422,kaempferol,https://tcmsp-e.com/molecule.php?qn=422,286.25,1.77,4,6,41.88,0.26,-0.55,0.24,0.00,14.74,Peroxidase C1A,4418,N/A
MOL000422,kaempferol,https://tcmsp-e.com/molecule.php?qn=422,286.25,1.77,4,6,41.88,0.26,-0.55,0.24,0.00,14.74,Glutathione S-transferase Mu 1,2952,896
MOL000422,kaempferol,https://tcmsp-e.com/molecule.php?qn=422,286.25,1.77,4,6,41.88,0.26,-0.55,0.24,0.00,14.74,Glutathione S-transferase Mu 2,3688,2165
MOL000422,kaempferol,https://tcmsp-e.com/molecule.php?qn=422,286.25,1.77,4,6,41.88,0.26,-0.55,0.24,0.00,14.74,Aldo-keto reductase family 1 member C3,222,650
MOL000422,kaempferol,https://tcmsp-e.com/molecule.php?qn=422,286.25,1.77,4,6,41.88,0.26,-0.55,0.24,0.00,14.74,Antileukoproteinase,4028,N/A
MOL000449,Stigmasterol,https://tcmsp-e.com/molecule.php?qn=449,412.77,7.64,1,1,43.83,1.44,1.00,0.76,0.22,5.57,Progesterone receptor,209,614
MOL000449,Stigmasterol,https://tcmsp-e.com/molecule.php?qn=449,412.77,7.64,1,1,43.83,1.44,1.00,0.76,0.22,5.57,Mineralocorticoid receptor,252,737
MOL000449,Stigmasterol,https://tcmsp-e.com/molecule.php?qn=449,412.77,7.64,1,1,43.83,1.44,1.00,0.76,0.22,5.57,Nuclear receptor coactivator 2,3276,6241
MOL000449,Stigmasterol,https://tcmsp-e.com/molecule.php?qn=449,412.77,7.64,1,1,43.83,1.44,1.00,0.76,0.22,5.57,Alcohol dehydrogenase 1C,727,517
MOL000449,Stigmasterol,https://tcmsp-e.com/molecule.php?qn=449,412.77,7.64,1,1,43.83,1.44,1.00,0.76,0.22,5.57,Ig gamma-1 chain C region,1201,4785
MOL000449,Stigmasterol,https://tcmsp-e.com/molecule.php?qn=449,412.77,7.64,1,1,43.83,1.44,1.00,0.76,0.22,5.57,Retinoic acid receptor RXR-alpha,158,459
MOL000449,Stigmasterol,https://tcmsp-e.com/molecule.php?qn=449,412.77,7.64,1,1,43.83,1.44,1.00,0.76,0.22,5.57,Nuclear receptor coactivator 1,3279,6228
MOL000449,Stigmasterol,https://tcmsp-e.com/molecule.php?qn=449,412.77,7.64,1,1,43.83,1.44,1.00,0.76,0.22,5.57,Prostaglandin G/H synthase 1,6,20
MOL000449,Stigmasterol,https://tcmsp-e.com/molecule.php?qn=449,412.77,7.64,1,1,43.83,1.44,1.00,0.76,0.22,5.57,Prostaglandin G/H synthase 2,94,290
MOL000449,Stigmasterol,https://tcmsp-e.com/molecule.php?qn=449,412.77,7.64,1,1,43.83,1.44,1.00,0.76,0.22,5.57,Alpha-2A adrenergic receptor,105,318
MOL000449,Stigmasterol,https://tcmsp-e.com/molecule.php?qn=449,412.77,7.64,1,1,43.83,1.44,1.00,0.76,0.22,5.57,Sodium-dependent noradrenaline transporter,186,540
MOL000449,Stigmasterol,https://tcmsp-e.com/molecule.php?qn=449,412.77,7.64,1,1,43.83,1.44,1.00,0.76,0.22,5.57,Sodium-dependent dopamine transporter,239,713
MOL000449,Stigmasterol,https://tcmsp-e.com/molecule.php?qn=449,412.77,7.64,1,1,43.83,1.44,1.00,0.76,0.22,5.57,Beta-2 adrenergic receptor,261,766
MOL000449,Stigmasterol,https://tcmsp-e.com/molecule.php?qn=449,412.77,7.64,1,1,43.83,1.44,1.00,0.76,0.22,5.57,Aldose reductase,288,822
MOL000449,Stigmasterol,https://tcmsp-e.com/molecule.php?qn=449,412.77,7.64,1,1,43.83,1.44,1.00,0.76,0.22,5.57,Urokinase-type plasminogen activator,346,1074
MOL000449,Stigmasterol,https://tcmsp-e.com/molecule.php?qn=449,412.77,7.64,1,1,43.83,1.44,1.00,0.76,0.22,5.57,Leukotriene A-4 hydrolase,521,3060
MOL000449,Stigmasterol,https://tcmsp-e.com/molecule.php?qn=449,412.77,7.64,1,1,43.83,1.44,1.00,0.76,0.22,5.57,Amine oxidase [flavin-containing] B,565,3939
MOL000449,Stigmasterol,https://tcmsp-e.com/molecule.php?qn=449,412.77,7.64,1,1,43.83,1.44,1.00,0.76,0.22,5.57,Amine oxidase [flavin-containing] A,566,3941
MOL000449,Stigmasterol,https://tcmsp-e.com/molecule.php?qn=449,412.77,7.64,1,1,43.83,1.44,1.00,0.76,0.22,5.57,mRNA of PKA Catalytic Subunit C-alpha,699,6263
MOL000449,Stigmasterol,https://tcmsp-e.com/molecule.php?qn=449,412.77,7.64,1,1,43.83,1.44,1.00,0.76,0.22,5.57,Chymotrypsinogen B,1696,6011
MOL000449,Stigmasterol,https://tcmsp-e.com/molecule.php?qn=449,412.77,7.64,1,1,43.83,1.44,1.00,0.76,0.22,5.57,Muscarinic acetylcholine receptor M3,16,51
MOL000449,Stigmasterol,https://tcmsp-e.com/molecule.php?qn=449,412.77,7.64,1,1,43.83,1.44,1.00,0.76,0.22,5.57,Muscarinic acetylcholine receptor M1,38,103
MOL000449,Stigmasterol,https://tcmsp-e.com/molecule.php?qn=449,412.77,7.64,1,1,43.83,1.44,1.00,0.76,0.22,5.57,Beta-1 adrenergic receptor,63,193
MOL000449,Stigmasterol,https://tcmsp-e.com/molecule.php?qn=449,412.77,7.64,1,1,43.83,1.44,1.00,0.76,0.22,5.57,Sodium channel protein type 5 subunit alpha,70,220
MOL000449,Stigmasterol,https://tcmsp-e.com/molecule.php?qn=449,412.77,7.64,1,1,43.83,1.44,1.00,0.76,0.22,5.57,5-hydroxytryptamine 2A receptor,175,502
MOL000449,Stigmasterol,https://tcmsp-e.com/molecule.php?qn=449,412.77,7.64,1,1,43.83,1.44,1.00,0.76,0.22,5.57,Alpha-1A adrenergic receptor,191,556
MOL000449,Stigmasterol,https://tcmsp-e.com/molecule.php?qn=449,412.77,7.64,1,1,43.83,1.44,1.00,0.76,0.22,5.57,Gamma-aminobutyric-acid receptor alpha-3 subunit,200,580
MOL000449,Stigmasterol,https://tcmsp-e.com/molecule.php?qn=449,412.77,7.64,1,1,43.83,1.44,1.00,0.76,0.22,5.57,Muscarinic acetylcholine receptor M2,210,617
MOL000449,Stigmasterol,https://tcmsp-e.com/molecule.php?qn=449,412.77,7.64,1,1,43.83,1.44,1.00,0.76,0.22,5.57,Alpha-1B adrenergic receptor,216,632
MOL000449,Stigmasterol,https://tcmsp-e.com/molecule.php?qn=449,412.77,7.64,1,1,43.83,1.44,1.00,0.76,0.22,5.57,Gamma-aminobutyric acid receptor subunit alpha-1,309,872
MOL000449,Stigmasterol,https://tcmsp-e.com/molecule.php?qn=449,412.77,7.64,1,1,43.83,1.44,1.00,0.76,0.22,5.57,"Neuronal acetylcholine receptor protein, alpha-7 chain",581,4095
MOL001494,Mandenol,https://tcmsp-e.com/molecule.php?qn=1494,308.56,6.99,0,2,42.0,1.46,1.14,0.19,0.25,5.39,Prostaglandin G/H synthase 1,6,20
MOL001494,Mandenol,https://tcmsp-e.com/molecule.php?qn=1494,308.56,6.99,0,2,42.0,1.46,1.14,0.19,0.25,5.39,Prostaglandin G/H synthase 2,94,290
MOL001494,Mandenol,https://tcmsp-e.com/molecule.php?qn=1494,308.56,6.99,0,2,42.0,1.46,1.14,0.19,0.25,5.39,Nuclear receptor coactivator 2,3276,6241
MOL001942,isoimperatorin,https://tcmsp-e.com/molecule.php?qn=1942,270.30,3.65,0,4,45.46,0.97,0.66,0.23,0.27,-1.44,Prostaglandin G/H synthase 2,94,290
MOL002883,Ethyl oleate (NF),https://tcmsp-e.com/molecule.php?qn=2883,310.58,7.44,0,2,32.4,1.40,1.10,0.19,0.19,4.85,Nuclear receptor coactivator 2,3276,6241
MOL003095,"5-hydroxy-7-methoxy-2-(3,4,5-trimethoxyphenyl)chromone",https://tcmsp-e.com/molecule.php?qn=3095,358.37,2.80,1,7,51.96,0.88,-0.21,0.41,0.17,15.98,"Nitric oxide synthase, inducible",3,7
MOL003095,"5-hydroxy-7-methoxy-2-(3,4,5-trimethoxyphenyl)chromone",https://tcmsp-e.com/molecule.php?qn=3095,358.37,2.80,1,7,51.96,0.88,-0.21,0.41,0.17,15.98,Prostaglandin G/H synthase 1,6,20
MOL003095,"5-hydroxy-7-methoxy-2-(3,4,5-trimethoxyphenyl)chromone",https://tcmsp-e.com/molecule.php?qn=3095,358.37,2.80,1,7,51.96,0.88,-0.21,0.41,0.17,15.98,Thrombin,17,54
MOL003095,"5-hydroxy-7-methoxy-2-(3,4,5-trimethoxyphenyl)chromone",https://tcmsp-e.com/molecule.php?qn=3095,358.37,2.80,1,7,51.96,0.88,-0.21,0.41,0.17,15.98,Potassium voltage-gated channel subfamily H member 2,37,101
MOL003095,"5-hydroxy-7-methoxy-2-(3,4,5-trimethoxyphenyl)chromone",https://tcmsp-e.com/molecule.php?qn=3095,358.37,2.80,1,7,51.96,0.88,-0.21,0.41,0.17,15.98,Estrogen receptor,46,136
MOL003095,"5-hydroxy-7-methoxy-2-(3,4,5-trimethoxyphenyl)chromone",https://tcmsp-e.com/molecule.php?qn=3095,358.37,2.80,1,7,51.96,0.88,-0.21,0.41,0.17,15.98,Androgen receptor,48,146
MOL003095,"5-hydroxy-7-methoxy-2-(3,4,5-trimethoxyphenyl)chromone",https://tcmsp-e.com/molecule.php?qn=3095,358.37,2.80,1,7,51.96,0.88,-0.21,0.41,0.17,15.98,Sodium channel protein type 5 subunit alpha,70,220
MOL003095,"5-hydroxy-7-methoxy-2-(3,4,5-trimethoxyphenyl)chromone",https://tcmsp-e.com/molecule.php?qn=3095,358.37,2.80,1,7,51.96,0.88,-0.21,0.41,0.17,15.98,Peroxisome proliferator activated receptor gamma,78,238
MOL003095,"5-hydroxy-7-methoxy-2-(3,4,5-trimethoxyphenyl)chromone",https://tcmsp-e.com/molecule.php?qn=3095,358.37,2.80,1,7,51.96,0.88,-0.21,0.41,0.17,15.98,Coagulation factor Xa,79,239
MOL003095,"5-hydroxy-7-methoxy-2-(3,4,5-trimethoxyphenyl)chromone",https://tcmsp-e.com/molecule.php?qn=3095,358.37,2.80,1,7,51.96,0.88,-0.21,0.41,0.17,15.98,Prostaglandin G/H synthase 2,94,290
MOL003095,"5-hydroxy-7-methoxy-2-(3,4,5-trimethoxyphenyl)chromone",https://tcmsp-e.com/molecule.php?qn=3095,358.37,2.80,1,7,51.96,0.88,-0.21,0.41,0.17,15.98,"Nitric-oxide synthase, endothelial",95,291
MOL003095,"5-hydroxy-7-methoxy-2-(3,4,5-trimethoxyphenyl)chromone",https://tcmsp-e.com/molecule.php?qn=3095,358.37,2.80,1,7,51.96,0.88,-0.21,0.41,0.17,15.98,Voltage-dependent calcium channel subunit alpha-2/delta-1,259,762
MOL003095,"5-hydroxy-7-methoxy-2-(3,4,5-trimethoxyphenyl)chromone",https://tcmsp-e.com/molecule.php?qn=3095,358.37,2.80,1,7,51.96,0.88,-0.21,0.41,0.17,15.98,DNA topoisomerase II,287,817
MOL003095,"5-hydroxy-7-methoxy-2-(3,4,5-trimethoxyphenyl)chromone",https://tcmsp-e.com/molecule.php?qn=3095,358.37,2.80,1,7,51.96,0.88,-0.21,0.41,0.17,15.98,Estrogen receptor beta,307,869
MOL003095,"5-hydroxy-7-methoxy-2-(3,4,5-trimethoxyphenyl)chromone",https://tcmsp-e.com/molecule.php?qn=3095,358.37,2.80,1,7,51.96,0.88,-0.21,0.41,0.17,15.98,Dipeptidyl peptidase IV,332,952
MOL003095,"5-hydroxy-7-methoxy-2-(3,4,5-trimethoxyphenyl)chromone",https://tcmsp-e.com/molecule.php?qn=3095,358.37,2.80,1,7,51.96,0.88,-0.21,0.41,0.17,15.98,Mitogen-activated protein kinase 14,402,1540
MOL003095,"5-hydroxy-7-methoxy-2-(3,4,5-trimethoxyphenyl)chromone",https://tcmsp-e.com/molecule.php?qn=3095,358.37,2.80,1,7,51.96,0.88,-0.21,0.41,0.17,15.98,Glycogen synthase kinase-3 beta,422,1721
MOL003095,"5-hydroxy-7-methoxy-2-(3,4,5-trimethoxyphenyl)chromone",https://tcmsp-e.com/molecule.php?qn=3095,358.37,2.80,1,7,51.96,0.88,-0.21,0.41,0.17,15.98,Heat shock protein HSP 90,444,1939
MOL003095,"5-hydroxy-7-methoxy-2-(3,4,5-trimethoxyphenyl)chromone",https://tcmsp-e.com/molecule.php?qn=3095,358.37,2.80,1,7,51.96,0.88,-0.21,0.41,0.17,15.98,Serine/threonine-protein kinase Chk1,647,5790
MOL003095,"5-hydroxy-7-methoxy-2-(3,4,5-trimethoxyphenyl)chromone",https://tcmsp-e.com/molecule.php?qn=3095,358.37,2.80,1,7,51.96,0.88,-0.21,0.41,0.17,15.98,Trypsin-1,2928,3176
MOL003095,"5-hydroxy-7-methoxy-2-(3,4,5-trimethoxyphenyl)chromone",https://tcmsp-e.com/molecule.php?qn=3095,358.37,2.80,1,7,51.96,0.88,-0.21,0.41,0.17,15.98,Nuclear receptor coactivator 2,3276,6241
MOL003095,"5-hydroxy-7-methoxy-2-(3,4,5-trimethoxyphenyl)chromone",https://tcmsp-e.com/molecule.php?qn=3095,358.37,2.80,1,7,51.96,0.88,-0.21,0.41,0.17,15.98,Nuclear receptor coactivator 1,3279,6228
MOL003095,"5-hydroxy-7-methoxy-2-(3,4,5-trimethoxyphenyl)chromone",https://tcmsp-e.com/molecule.php?qn=3095,358.37,2.80,1,7,51.96,0.88,-0.21,0.41,0.17,15.98,Calcium-activated potassium channel subunit alpha 1,3727,610
MOL003095,"5-hydroxy-7-methoxy-2-(3,4,5-trimethoxyphenyl)chromone",https://tcmsp-e.com/molecule.php?qn=3095,358.37,2.80,1,7,51.96,0.88,-0.21,0.41,0.17,15.98,Calmodulin,3907,465
MOL003095,"5-hydroxy-7-methoxy-2-(3,4,5-trimethoxyphenyl)chromone",https://tcmsp-e.com/molecule.php?qn=3095,358.37,2.80,1,7,51.96,0.88,-0.21,0.41,0.17,15.98,Beta-2 adrenergic receptor,261,766
MOL003095,"5-hydroxy-7-methoxy-2-(3,4,5-trimethoxyphenyl)chromone",https://tcmsp-e.com/molecule.php?qn=3095,358.37,2.80,1,7,51.96,0.88,-0.21,0.41,0.17,15.98,Beta-secretase,387,1406
MOL007245,3-Methylkempferol,https://tcmsp-e.com/molecule.php?qn=7245,300.28,1.84,3,6,60.16,0.37,-0.49,0.26,0.36,16.36,"Nitric oxide synthase, inducible",3,7
MOL007245,3-Methylkempferol,https://tcmsp-e.com/molecule.php?qn=7245,300.28,1.84,3,6,60.16,0.37,-0.49,0.26,0.36,16.36,Prostaglandin G/H synthase 1,6,20
MOL007245,3-Methylkempferol,https://tcmsp-e.com/molecule.php?qn=7245,300.28,1.84,3,6,60.16,0.37,-0.49,0.26,0.36,16.36,Androgen receptor,48,146
MOL007245,3-Methylkempferol,https://tcmsp-e.com/molecule.php?qn=7245,300.28,1.84,3,6,60.16,0.37,-0.49,0.26,0.36,16.36,Prostaglandin G/H synthase 2,94,290
MOL007245,3-Methylkempferol,https://tcmsp-e.com/molecule.php?qn=7245,300.28,1.84,3,6,60.16,0.37,-0.49,0.26,0.36,16.36,Dipeptidyl peptidase IV,332,952
MOL007245,3-Methylkempferol,https://tcmsp-e.com/molecule.php?qn=7245,300.28,1.84,3,6,60.16,0.37,-0.49,0.26,0.36,16.36,Mitogen-activated protein kinase 14,402,1540
MOL007245,3-Methylkempferol,https://tcmsp-e.com/molecule.php?qn=7245,300.28,1.84,3,6,60.16,0.37,-0.49,0.26,0.36,16.36,Glycogen synthase kinase-3 beta,422,1721
MOL007245,3-Methylkempferol,https://tcmsp-e.com/molecule.php?qn=7245,300.28,1.84,3,6,60.16,0.37,-0.49,0.26,0.36,16.36,Heat shock protein HSP 90,444,1939
MOL007245,3-Methylkempferol,https://tcmsp-e.com/molecule.php?qn=7245,300.28,1.84,3,6,60.16,0.37,-0.49,0.26,0.36,16.36,Cell division protein kinase 2,482,2240
MOL007245,3-Methylkempferol,https://tcmsp-e.com/molecule.php?qn=7245,300.28,1.84,3,6,60.16,0.37,-0.49,0.26,0.36,16.36,"Phosphatidylinositol-4,5-bisphosphate 3-kinase catalytic subunit, gamma isoform",491,2404
MOL007245,3-Methylkempferol,https://tcmsp-e.com/molecule.php?qn=7245,300.28,1.84,3,6,60.16,0.37,-0.49,0.26,0.36,16.36,mRNA of PKA Catalytic Subunit C-alpha,699,6263
MOL001406,crocetin,https://tcmsp-e.com/molecule.php?qn=1406,328.44,4.58,2,4,35.3,0.54,-0.83,0.26,0.43,2.03,Cytochrome P450-cam,1143,2298
MOL001406,crocetin,https://tcmsp-e.com/molecule.php?qn=1406,328.44,4.58,2,4,35.3,0.54,-0.83,0.26,0.43,2.03,Muscarinic acetylcholine receptor M3,16,51
MOL001406,crocetin,https://tcmsp-e.com/molecule.php?qn=1406,328.44,4.58,2,4,35.3,0.54,-0.83,0.26,0.43,2.03,Muscarinic acetylcholine receptor M1,38,103
MOL001406,crocetin,https://tcmsp-e.com/molecule.php?qn=1406,328.44,4.58,2,4,35.3,0.54,-0.83,0.26,0.43,2.03,Gamma-aminobutyric-acid receptor alpha-2 subunit,141,423
MOL001406,crocetin,https://tcmsp-e.com/molecule.php?qn=1406,328.44,4.58,2,4,35.3,0.54,-0.83,0.26,0.43,2.03,Gamma-aminobutyric-acid receptor alpha-5 subunit,181,523
MOL001406,crocetin,https://tcmsp-e.com/molecule.php?qn=1406,328.44,4.58,2,4,35.3,0.54,-0.83,0.26,0.43,2.03,Alpha-1A adrenergic receptor,191,556
MOL001406,crocetin,https://tcmsp-e.com/molecule.php?qn=1406,328.44,4.58,2,4,35.3,0.54,-0.83,0.26,0.43,2.03,Gamma-aminobutyric-acid receptor alpha-3 subunit,200,580
MOL001406,crocetin,https://tcmsp-e.com/molecule.php?qn=1406,328.44,4.58,2,4,35.3,0.54,-0.83,0.26,0.43,2.03,Muscarinic acetylcholine receptor M2,210,617
MOL001406,crocetin,https://tcmsp-e.com/molecule.php?qn=1406,328.44,4.58,2,4,35.3,0.54,-0.83,0.26,0.43,2.03,Alpha-1B adrenergic receptor,216,632
MOL001406,crocetin,https://tcmsp-e.com/molecule.php?qn=1406,328.44,4.58,2,4,35.3,0.54,-0.83,0.26,0.43,2.03,Gamma-aminobutyric acid receptor subunit alpha-1,309,872
MOL001406,crocetin,https://tcmsp-e.com/molecule.php?qn=1406,328.44,4.58,2,4,35.3,0.54,-0.83,0.26,0.43,2.03,Ig gamma-1 chain C region,1201,4785
MOL001406,crocetin,https://tcmsp-e.com/molecule.php?qn=1406,328.44,4.58,2,4,35.3,0.54,-0.83,0.26,0.43,2.03,Prostaglandin G/H synthase 2,94,290
MOL001406,crocetin,https://tcmsp-e.com/molecule.php?qn=1406,328.44,4.58,2,4,35.3,0.54,-0.83,0.26,0.43,2.03,Nuclear receptor coactivator 2,3276,6241
MOL001406,crocetin,https://tcmsp-e.com/molecule.php?qn=1406,328.44,4.58,2,4,35.3,0.54,-0.83,0.26,0.43,2.03,Vascular cell adhesion protein 1,440,1908
MOL001941,Ammidin,https://tcmsp-e.com/molecule.php?qn=1941,270.30,3.65,0,4,34.55,1.13,0.92,0.22,0.28,-1.35,Thrombin,17,54
MOL001941,Ammidin,https://tcmsp-e.com/molecule.php?qn=1941,270.30,3.65,0,4,34.55,1.13,0.92,0.22,0.28,-1.35,Muscarinic acetylcholine receptor M1,38,103
MOL001941,Ammidin,https://tcmsp-e.com/molecule.php?qn=1941,270.30,3.65,0,4,34.55,1.13,0.92,0.22,0.28,-1.35,Prostaglandin G/H synthase 2,94,290
MOL001941,Ammidin,https://tcmsp-e.com/molecule.php?qn=1941,270.30,3.65,0,4,34.55,1.13,0.92,0.22,0.28,-1.35,Gamma-aminobutyric acid receptor subunit alpha-1,309,872
MOL001941,Ammidin,https://tcmsp-e.com/molecule.php?qn=1941,270.30,3.65,0,4,34.55,1.13,0.92,0.22,0.28,-1.35,Dipeptidyl peptidase IV,332,952
MOL001941,Ammidin,https://tcmsp-e.com/molecule.php?qn=1941,270.30,3.65,0,4,34.55,1.13,0.92,0.22,0.28,-1.35,"Phosphatidylinositol-4,5-bisphosphate 3-kinase catalytic subunit, gamma isoform",491,2404
MOL001941,Ammidin,https://tcmsp-e.com/molecule.php?qn=1941,270.30,3.65,0,4,34.55,1.13,0.92,0.22,0.28,-1.35,mRNA of PKA Catalytic Subunit C-alpha,699,6263
MOL001941,Ammidin,https://tcmsp-e.com/molecule.php?qn=1941,270.30,3.65,0,4,34.55,1.13,0.92,0.22,0.28,-1.35,Amine oxidase [flavin-containing] B,565,3939
MOL001406,crocetin,https://tcmsp-e.com/molecule.php?qn=1406,328.44,4.58,2,4,35.3,0.54,-0.83,0.26,0.43,2.03,Cytochrome P450-cam,1143,2298
MOL001406,crocetin,https://tcmsp-e.com/molecule.php?qn=1406,328.44,4.58,2,4,35.3,0.54,-0.83,0.26,0.43,2.03,Muscarinic acetylcholine receptor M3,16,51
MOL001406,crocetin,https://tcmsp-e.com/molecule.php?qn=1406,328.44,4.58,2,4,35.3,0.54,-0.83,0.26,0.43,2.03,Muscarinic acetylcholine receptor M1,38,103
MOL001406,crocetin,https://tcmsp-e.com/molecule.php?qn=1406,328.44,4.58,2,4,35.3,0.54,-0.83,0.26,0.43,2.03,Gamma-aminobutyric-acid receptor alpha-2 subunit,141,423
MOL001406,crocetin,https://tcmsp-e.com/molecule.php?qn=1406,328.44,4.58,2,4,35.3,0.54,-0.83,0.26,0.43,2.03,Gamma-aminobutyric-acid receptor alpha-5 subunit,181,523
MOL001406,crocetin,https://tcmsp-e.com/molecule.php?qn=1406,328.44,4.58,2,4,35.3,0.54,-0.83,0.26,0.43,2.03,Alpha-1A adrenergic receptor,191,556
MOL001406,crocetin,https://tcmsp-e.com/molecule.php?qn=1406,328.44,4.58,2,4,35.3,0.54,-0.83,0.26,0.43,2.03,Gamma-aminobutyric-acid receptor alpha-3 subunit,200,580
MOL001406,crocetin,https://tcmsp-e.com/molecule.php?qn=1406,328.44,4.58,2,4,35.3,0.54,-0.83,0.26,0.43,2.03,Muscarinic acetylcholine receptor M2,210,617
MOL001406,crocetin,https://tcmsp-e.com/molecule.php?qn=1406,328.44,4.58,2,4,35.3,0.54,-0.83,0.26,0.43,2.03,Alpha-1B adrenergic receptor,216,632
MOL001406,crocetin,https://tcmsp-e.com/molecule.php?qn=1406,328.44,4.58,2,4,35.3,0.54,-0.83,0.26,0.43,2.03,Gamma-aminobutyric acid receptor subunit alpha-1,309,872
MOL001406,crocetin,https://tcmsp-e.com/molecule.php?qn=1406,328.44,4.58,2,4,35.3,0.54,-0.83,0.26,0.43,2.03,Ig gamma-1 chain C region,1201,4785
MOL001406,crocetin,https://tcmsp-e.com/molecule.php?qn=1406,328.44,4.58,2,4,35.3,0.54,-0.83,0.26,0.43,2.03,Prostaglandin G/H synthase 2,94,290
MOL001406,crocetin,https://tcmsp-e.com/molecule.php?qn=1406,328.44,4.58,2,4,35.3,0.54,-0.83,0.26,0.43,2.03,Nuclear receptor coactivator 2,3276,6241
MOL001406,crocetin,https://tcmsp-e.com/molecule.php?qn=1406,328.44,4.58,2,4,35.3,0.54,-0.83,0.26,0.43,2.03,Vascular cell adhesion protein 1,440,1908
MOL001941,Ammidin,https://tcmsp-e.com/molecule.php?qn=1941,270.30,3.65,0,4,34.55,1.13,0.92,0.22,0.28,-1.35,Thrombin,17,54
MOL001941,Ammidin,https://tcmsp-e.com/molecule.php?qn=1941,270.30,3.65,0,4,34.55,1.13,0.92,0.22,0.28,-1.35,Muscarinic acetylcholine receptor M1,38,103
MOL001941,Ammidin,https://tcmsp-e.com/molecule.php?qn=1941,270.30,3.65,0,4,34.55,1.13,0.92,0.22,0.28,-1.35,Prostaglandin G/H synthase 2,94,290
MOL001941,Ammidin,https://tcmsp-e.com/molecule.php?qn=1941,270.30,3.65,0,4,34.55,1.13,0.92,0.22,0.28,-1.35,Gamma-aminobutyric acid receptor subunit alpha-1,309,872
MOL001941,Ammidin,https://tcmsp-e.com/molecule.php?qn=1941,270.30,3.65,0,4,34.55,1.13,0.92,0.22,0.28,-1.35,Dipeptidyl peptidase IV,332,952
MOL001941,Ammidin,https://tcmsp-e.com/molecule.php?qn=1941,270.30,3.65,0,4,34.55,1.13,0.92,0.22,0.28,-1.35,"Phosphatidylinositol-4,5-bisphosphate 3-kinase catalytic subunit, gamma isoform",491,2404
MOL001941,Ammidin,https://tcmsp-e.com/molecule.php?qn=1941,270.30,3.65,0,4,34.55,1.13,0.92,0.22,0.28,-1.35,mRNA of PKA Catalytic Subunit C-alpha,699,6263
MOL001941,Ammidin,https://tcmsp-e.com/molecule.php?qn=1941,270.30,3.65,0,4,34.55,1.13,0.92,0.22,0.28,-1.35,Amine oxidase [flavin-containing] B,565,3939
MOL001406,crocetin,https://tcmsp-e.com/molecule.php?qn=1406,328.44,4.58,2,4,35.3,0.54,-0.83,0.26,0.43,2.03,Cytochrome P450-cam,1143,2298
MOL001406,crocetin,https://tcmsp-e.com/molecule.php?qn=1406,328.44,4.58,2,4,35.3,0.54,-0.83,0.26,0.43,2.03,Muscarinic acetylcholine receptor M3,16,51
MOL001406,crocetin,https://tcmsp-e.com/molecule.php?qn=1406,328.44,4.58,2,4,35.3,0.54,-0.83,0.26,0.43,2.03,Muscarinic acetylcholine receptor M1,38,103
MOL001406,crocetin,https://tcmsp-e.com/molecule.php?qn=1406,328.44,4.58,2,4,35.3,0.54,-0.83,0.26,0.43,2.03,Gamma-aminobutyric-acid receptor alpha-2 subunit,141,423
MOL001406,crocetin,https://tcmsp-e.com/molecule.php?qn=1406,328.44,4.58,2,4,35.3,0.54,-0.83,0.26,0.43,2.03,Gamma-aminobutyric-acid receptor alpha-5 subunit,181,523
MOL001406,crocetin,https://tcmsp-e.com/molecule.php?qn=1406,328.44,4.58,2,4,35.3,0.54,-0.83,0.26,0.43,2.03,Alpha-1A adrenergic receptor,191,556
MOL001406,crocetin,https://tcmsp-e.com/molecule.php?qn=1406,328.44,4.58,2,4,35.3,0.54,-0.83,0.26,0.43,2.03,Gamma-aminobutyric-acid receptor alpha-3 subunit,200,580
MOL001406,crocetin,https://tcmsp-e.com/molecule.php?qn=1406,328.44,4.58,2,4,35.3,0.54,-0.83,0.26,0.43,2.03,Muscarinic acetylcholine receptor M2,210,617
MOL001406,crocetin,https://tcmsp-e.com/molecule.php?qn=1406,328.44,4.58,2,4,35.3,0.54,-0.83,0.26,0.43,2.03,Alpha-1B adrenergic receptor,216,632
MOL001406,crocetin,https://tcmsp-e.com/molecule.php?qn=1406,328.44,4.58,2,4,35.3,0.54,-0.83,0.26,0.43,2.03,Gamma-aminobutyric acid receptor subunit alpha-1,309,872
MOL001406,crocetin,https://tcmsp-e.com/molecule.php?qn=1406,328.44,4.58,2,4,35.3,0.54,-0.83,0.26,0.43,2.03,Ig gamma-1 chain C region,1201,4785
MOL001406,crocetin,https://tcmsp-e.com/molecule.php?qn=1406,328.44,4.58,2,4,35.3,0.54,-0.83,0.26,0.43,2.03,Prostaglandin G/H synthase 2,94,290
MOL001406,crocetin,https://tcmsp-e.com/molecule.php?qn=1406,328.44,4.58,2,4,35.3,0.54,-0.83,0.26,0.43,2.03,Nuclear receptor coactivator 2,3276,6241
MOL001406,crocetin,https://tcmsp-e.com/molecule.php?qn=1406,328.44,4.58,2,4,35.3,0.54,-0.83,0.26,0.43,2.03,Vascular cell adhesion protein 1,440,1908
MOL001941,Ammidin,https://tcmsp-e.com/molecule.php?qn=1941,270.30,3.65,0,4,34.55,1.13,0.92,0.22,0.28,-1.35,Thrombin,17,54
MOL001941,Ammidin,https://tcmsp-e.com/molecule.php?qn=1941,270.30,3.65,0,4,34.55,1.13,0.92,0.22,0.28,-1.35,Muscarinic acetylcholine receptor M1,38,103
MOL001941,Ammidin,https://tcmsp-e.com/molecule.php?qn=1941,270.30,3.65,0,4,34.55,1.13,0.92,0.22,0.28,-1.35,Prostaglandin G/H synthase 2,94,290
MOL001941,Ammidin,https://tcmsp-e.com/molecule.php?qn=1941,270.30,3.65,0,4,34.55,1.13,0.92,0.22,0.28,-1.35,Gamma-aminobutyric acid receptor subunit alpha-1,309,872
MOL001941,Ammidin,https://tcmsp-e.com/molecule.php?qn=1941,270.30,3.65,0,4,34.55,1.13,0.92,0.22,0.28,-1.35,Dipeptidyl peptidase IV,332,952
MOL001941,Ammidin,https://tcmsp-e.com/molecule.php?qn=1941,270.30,3.65,0,4,34.55,1.13,0.92,0.22,0.28,-1.35,"Phosphatidylinositol-4,5-bisphosphate 3-kinase catalytic subunit, gamma isoform",491,2404
MOL001941,Ammidin,https://tcmsp-e.com/molecule.php?qn=1941,270.30,3.65,0,4,34.55,1.13,0.92,0.22,0.28,-1.35,mRNA of PKA Catalytic Subunit C-alpha,699,6263
MOL001941,Ammidin,https://tcmsp-e.com/molecule.php?qn=1941,270.30,3.65,0,4,34.55,1.13,0.92,0.22,0.28,-1.35,Amine oxidase [flavin-containing] B,565,3939
MOL001406,crocetin,https://tcmsp-e.com/molecule.php?qn=1406,328.44,4.58,2,4,35.3,0.54,-0.83,0.26,0.43,2.03,Cytochrome P450-cam,1143,2298
MOL001406,crocetin,https://tcmsp-e.com/molecule.php?qn=1406,328.44,4.58,2,4,35.3,0.54,-0.83,0.26,0.43,2.03,Muscarinic acetylcholine receptor M3,16,51
MOL001406,crocetin,https://tcmsp-e.com/molecule.php?qn=1406,328.44,4.58,2,4,35.3,0.54,-0.83,0.26,0.43,2.03,Muscarinic acetylcholine receptor M1,38,103
MOL001406,crocetin,https://tcmsp-e.com/molecule.php?qn=1406,328.44,4.58,2,4,35.3,0.54,-0.83,0.26,0.43,2.03,Gamma-aminobutyric-acid receptor alpha-2 subunit,141,423
MOL001406,crocetin,https://tcmsp-e.com/molecule.php?qn=1406,328.44,4.58,2,4,35.3,0.54,-0.83,0.26,0.43,2.03,Gamma-aminobutyric-acid receptor alpha-5 subunit,181,523
MOL001406,crocetin,https://tcmsp-e.com/molecule.php?qn=1406,328.44,4.58,2,4,35.3,0.54,-0.83,0.26,0.43,2.03,Alpha-1A adrenergic receptor,191,556
MOL001406,crocetin,https://tcmsp-e.com/molecule.php?qn=1406,328.44,4.58,2,4,35.3,0.54,-0.83,0.26,0.43,2.03,Gamma-aminobutyric-acid receptor alpha-3 subunit,200,580
MOL001406,crocetin,https://tcmsp-e.com/molecule.php?qn=1406,328.44,4.58,2,4,35.3,0.54,-0.83,0.26,0.43,2.03,Muscarinic acetylcholine receptor M2,210,617
MOL001406,crocetin,https://tcmsp-e.com/molecule.php?qn=1406,328.44,4.58,2,4,35.3,0.54,-0.83,0.26,0.43,2.03,Alpha-1B adrenergic receptor,216,632
MOL001406,crocetin,https://tcmsp-e.com/molecule.php?qn=1406,328.44,4.58,2,4,35.3,0.54,-0.83,0.26,0.43,2.03,Gamma-aminobutyric acid receptor subunit alpha-1,309,872
MOL001406,crocetin,https://tcmsp-e.com/molecule.php?qn=1406,328.44,4.58,2,4,35.3,0.54,-0.83,0.26,0.43,2.03,Ig gamma-1 chain C region,1201,4785
MOL001406,crocetin,https://tcmsp-e.com/molecule.php?qn=1406,328.44,4.58,2,4,35.3,0.54,-0.83,0.26,0.43,2.03,Prostaglandin G/H synthase 2,94,290
MOL001406,crocetin,https://tcmsp-e.com/molecule.php?qn=1406,328.44,4.58,2,4,35.3,0.54,-0.83,0.26,0.43,2.03,Nuclear receptor coactivator 2,3276,6241
MOL001406,crocetin,https://tcmsp-e.com/molecule.php?qn=1406,328.44,4.58,2,4,35.3,0.54,-0.83,0.26,0.43,2.03,Vascular cell adhesion protein 1,440,1908
MOL001941,Ammidin,https://tcmsp-e.com/molecule.php?qn=1941,270.30,3.65,0,4,34.55,1.13,0.92,0.22,0.28,-1.35,Thrombin,17,54
MOL001941,Ammidin,https://tcmsp-e.com/molecule.php?qn=1941,270.30,3.65,0,4,34.55,1.13,0.92,0.22,0.28,-1.35,Muscarinic acetylcholine receptor M1,38,103
MOL001941,Ammidin,https://tcmsp-e.com/molecule.php?qn=1941,270.30,3.65,0,4,34.55,1.13,0.92,0.22,0.28,-1.35,Prostaglandin G/H synthase 2,94,290
MOL001941,Ammidin,https://tcmsp-e.com/molecule.php?qn=1941,270.30,3.65,0,4,34.55,1.13,0.92,0.22,0.28,-1.35,Gamma-aminobutyric acid receptor subunit alpha-1,309,872
MOL001941,Ammidin,https://tcmsp-e.com/molecule.php?qn=1941,270.30,3.65,0,4,34.55,1.13,0.92,0.22,0.28,-1.35,Dipeptidyl peptidase IV,332,952
MOL001941,Ammidin,https://tcmsp-e.com/molecule.php?qn=1941,270.30,3.65,0,4,34.55,1.13,0.92,0.22,0.28,-1.35,"Phosphatidylinositol-4,5-bisphosphate 3-kinase catalytic subunit, gamma isoform",491,2404
MOL001941,Ammidin,https://tcmsp-e.com/molecule.php?qn=1941,270.30,3.65,0,4,34.55,1.13,0.92,0.22,0.28,-1.35,mRNA of PKA Catalytic Subunit C-alpha,699,6263
MOL001941,Ammidin,https://tcmsp-e.com/molecule.php?qn=1941,270.30,3.65,0,4,34.55,1.13,0.92,0.22,0.28,-1.35,Amine oxidase [flavin-containing] B,565,3939
MOL001406,crocetin,https://tcmsp-e.com/molecule.php?qn=1406,328.44,4.58,2,4,35.3,0.54,-0.83,0.26,0.43,2.03,Cytochrome P450-cam,1143,2298
MOL001406,crocetin,https://tcmsp-e.com/molecule.php?qn=1406,328.44,4.58,2,4,35.3,0.54,-0.83,0.26,0.43,2.03,Muscarinic acetylcholine receptor M3,16,51
MOL001406,crocetin,https://tcmsp-e.com/molecule.php?qn=1406,328.44,4.58,2,4,35.3,0.54,-0.83,0.26,0.43,2.03,Muscarinic acetylcholine receptor M1,38,103
MOL001406,crocetin,https://tcmsp-e.com/molecule.php?qn=1406,328.44,4.58,2,4,35.3,0.54,-0.83,0.26,0.43,2.03,Gamma-aminobutyric-acid receptor alpha-2 subunit,141,423
MOL001406,crocetin,https://tcmsp-e.com/molecule.php?qn=1406,328.44,4.58,2,4,35.3,0.54,-0.83,0.26,0.43,2.03,Gamma-aminobutyric-acid receptor alpha-5 subunit,181,523
MOL001406,crocetin,https://tcmsp-e.com/molecule.php?qn=1406,328.44,4.58,2,4,35.3,0.54,-0.83,0.26,0.43,2.03,Alpha-1A adrenergic receptor,191,556
MOL001406,crocetin,https://tcmsp-e.com/molecule.php?qn=1406,328.44,4.58,2,4,35.3,0.54,-0.83,0.26,0.43,2.03,Gamma-aminobutyric-acid receptor alpha-3 subunit,200,580
MOL001406,crocetin,https://tcmsp-e.com/molecule.php?qn=1406,328.44,4.58,2,4,35.3,0.54,-0.83,0.26,0.43,2.03,Muscarinic acetylcholine receptor M2,210,617
MOL001406,crocetin,https://tcmsp-e.com/molecule.php?qn=1406,328.44,4.58,2,4,35.3,0.54,-0.83,0.26,0.43,2.03,Alpha-1B adrenergic receptor,216,632
MOL001406,crocetin,https://tcmsp-e.com/molecule.php?qn=1406,328.44,4.58,2,4,35.3,0.54,-0.83,0.26,0.43,2.03,Gamma-aminobutyric acid receptor subunit alpha-1,309,872
MOL001406,crocetin,https://tcmsp-e.com/molecule.php?qn=1406,328.44,4.58,2,4,35.3,0.54,-0.83,0.26,0.43,2.03,Ig gamma-1 chain C region,1201,4785
MOL001406,crocetin,https://tcmsp-e.com/molecule.php?qn=1406,328.44,4.58,2,4,35.3,0.54,-0.83,0.26,0.43,2.03,Prostaglandin G/H synthase 2,94,290
MOL001406,crocetin,https://tcmsp-e.com/molecule.php?qn=1406,328.44,4.58,2,4,35.3,0.54,-0.83,0.26,0.43,2.03,Nuclear receptor coactivator 2,3276,6241
MOL001406,crocetin,https://tcmsp-e.com/molecule.php?qn=1406,328.44,4.58,2,4,35.3,0.54,-0.83,0.26,0.43,2.03,Vascular cell adhesion protein 1,440,1908
MOL001941,Ammidin,https://tcmsp-e.com/molecule.php?qn=1941,270.30,3.65,0,4,34.55,1.13,0.92,0.22,0.28,-1.35,Thrombin,17,54
MOL001941,Ammidin,https://tcmsp-e.com/molecule.php?qn=1941,270.30,3.65,0,4,34.55,1.13,0.92,0.22,0.28,-1.35,Muscarinic acetylcholine receptor M1,38,103
MOL001941,Ammidin,https://tcmsp-e.com/molecule.php?qn=1941,270.30,3.65,0,4,34.55,1.13,0.92,0.22,0.28,-1.35,Prostaglandin G/H synthase 2,94,290
MOL001941,Ammidin,https://tcmsp-e.com/molecule.php?qn=1941,270.30,3.65,0,4,34.55,1.13,0.92,0.22,0.28,-1.35,Gamma-aminobutyric acid receptor subunit alpha-1,309,872
MOL001941,Ammidin,https://tcmsp-e.com/molecule.php?qn=1941,270.30,3.65,0,4,34.55,1.13,0.92,0.22,0.28,-1.35,Dipeptidyl peptidase IV,332,952
MOL001941,Ammidin,https://tcmsp-e.com/molecule.php?qn=1941,270.30,3.65,0,4,34.55,1.13,0.92,0.22,0.28,-1.35,"Phosphatidylinositol-4,5-bisphosphate 3-kinase catalytic subunit, gamma isoform",491,2404
MOL001941,Ammidin,https://tcmsp-e.com/molecule.php?qn=1941,270.30,3.65,0,4,34.55,1.13,0.92,0.22,0.28,-1.35,mRNA of PKA Catalytic Subunit C-alpha,699,6263
MOL001941,Ammidin,https://tcmsp-e.com/molecule.php?qn=1941,270.30,3.65,0,4,34.55,1.13,0.92,0.22,0.28,-1.35,Amine oxidase [flavin-containing] B,565,3939
